Label,1,2,3,4,5,6,7,8,9,10,11,12,13,14,15,Month,Year,Date,monthSum12,monthSum13,monthSum14,monthSum15,date
"10, 2000",20222956.0,22128666.0,23061973.0,20781424.0,21914401.0,24235162.0,24313348.0,24149006.0,22102082.0,20514057.0,15100883.0,14677879.0,12230016.0,8323297.0,,10,2000,2000-10-01,253201836.0,265431853.0,273755149.0,273755149.0,2000-10-01
"11, 2000",20903587.0,22256247.0,20372582.0,24377546.0,25054109.0,24889768.0,23944105.0,21836488.0,18916327.0,18323406.0,16774736.0,15104548.0,11512503.0,,,11,2000,2000-11-01,252753449.0,264265952.0,264265952.0,264265952.0,2000-11-01
"12, 2000",18552539.0,20125870.0,23588077.0,25593366.0,25033087.0,24138046.0,21902505.0,19738853.0,18815379.0,17199040.0,15773223.0,12298923.0,,,,12,2000,2000-12-01,242758908.0,242758908.0,242758908.0,242758908.0,2000-12-01
"1, 2001",19928067.0,24626402.0,28307954.0,30195875.0,27329640.0,25055079.0,22837858.0,21182635.0,20214822.0,18611031.0,15620277.0,13307581.0,11057859.0,8898358.0,4417006.0,1,2001,2001-01-01,267217220.0,278275079.0,287173437.0,291590443.0,2001-01-01
"2, 2001",23634979.0,27768515.0,29262927.0,27817306.0,23844467.0,20893226.0,18996170.0,19612370.0,18025932.0,16053855.0,12532725.0,10711691.0,9110288.0,4787969.0,4395352.0,2,2001,2001-02-01,249154165.0,258264453.0,263052422.0,267447774.0,2001-02-01
"3, 2001",24918992.0,29318797.0,26059082.0,28808078.0,24569980.0,21961334.0,22888364.0,21019249.0,19373997.0,13036141.0,11673202.0,9895579.0,9616492.0,8348404.0,6517533.0,3,2001,2001-03-01,253522795.0,263139287.0,271487691.0,278005224.0,2001-03-01
"4, 2001",28007078.0,26829268.0,27989236.0,28225728.0,23672206.0,23466967.0,20900648.0,19023131.0,13663431.0,12241769.0,10451961.0,10158494.0,8484340.0,7195173.0,3702558.0,4,2001,2001-04-01,244629916.0,253114256.0,260309429.0,264011986.0,2001-04-01
"5, 2001",28994336.0,29365397.0,25420647.0,24147484.0,23218344.0,20571754.0,18167278.0,13911734.0,12621112.0,9961513.0,8528569.0,8710480.0,8378594.0,7333649.0,3453382.0,5,2001,2001-05-01,223618647.0,231997241.0,239330891.0,242784272.0,2001-05-01
"6, 2001",29501916.0,24977134.0,24376842.0,26872987.0,22030133.0,22100624.0,17736620.0,14524094.0,11881742.0,11172759.0,11530127.0,10550740.0,9542384.0,5568053.0,3792673.0,6,2001,2001-06-01,227255718.0,236798102.0,242366155.0,246158828.0,2001-06-01
"7, 2001",26081221.0,25478537.0,26328864.0,23396422.0,21058066.0,17420334.0,14348964.0,12700668.0,12091349.0,11860903.0,11324064.0,8838356.0,5145627.0,3715833.0,2142645.0,7,2001,2001-07-01,210927750.0,216073377.0,219789210.0,221931855.0,2001-07-01
"8, 2001",25934113.0,29168641.0,25646817.0,24508193.0,18891222.0,16157526.0,15759838.0,15913766.0,16189957.0,14183645.0,12247823.0,8761266.0,5986273.0,4470780.0,3517540.0,8,2001,2001-08-01,223362807.0,229349080.0,233819860.0,237337400.0,2001-08-01
"9, 2001",31559902.0,29853345.0,28352090.0,23984410.0,18221828.0,17980256.0,18515147.0,18608333.0,16525517.0,14807808.0,11255501.0,6187814.0,4625840.0,3591020.0,3149720.0,9,2001,2001-09-01,235851950.0,240477790.0,244068810.0,247218530.0,2001-09-01
"10, 2001",27331286.0,23598738.0,21200112.0,16960013.0,15874035.0,15503956.0,17231192.0,17163738.0,16169738.0,12655505.0,9597011.0,9141214.0,7032423.0,6624374.0,,10,2001,2001-10-01,202426539.0,209458962.0,216083336.0,216083336.0,2001-10-01
"11, 2001",26590071.0,22556860.0,17734639.0,17761410.0,16895864.0,17136805.0,17088887.0,15663439.0,12986737.0,10506382.0,10508972.0,8778930.0,7693510.0,,,11,2001,2001-11-01,194208996.0,201902507.0,201902507.0,201902507.0,2001-11-01
"12, 2001",22101102.0,20728863.0,17669040.0,17578873.0,18354113.0,18841868.0,17589923.0,14243497.0,11845124.0,10285680.0,9085120.0,8454160.0,,,,12,2001,2001-12-01,186777362.0,186777362.0,186777362.0,186777362.0,2001-12-01
"1, 2002",18432950.0,20379145.0,18376695.0,20365953.0,20035516.0,18485206.0,14322402.0,11487683.0,11219046.0,10230083.0,9486479.0,7094310.0,5247421.0,5656670.0,2343995.0,1,2002,2002-01-01,179915469.0,185162890.0,190819559.0,193163554.0,2002-01-01
"2, 2002",22800971.0,21738718.0,22104280.0,22127876.0,19685683.0,14012975.0,11393295.0,11933816.0,11384355.0,10334601.0,7969868.0,5227042.0,5277768.0,1977335.0,1533037.0,2,2002,2002-02-01,180713480.0,185991248.0,187968584.0,189501621.0,2002-02-01
"3, 2002",17915754.0,19864412.0,17315381.0,17422632.0,13438865.0,13305446.0,12913630.0,13324180.0,12004031.0,9684394.0,6716250.0,7041074.0,4501366.0,3722593.0,1238535.0,3,2002,2002-03-01,160946051.0,165447417.0,169170010.0,170408545.0,2002-03-01
"4, 2002",17031756.0,15441178.0,16900920.0,14825058.0,14685370.0,15081521.0,14524343.0,13171423.0,10975794.0,7668848.0,8095714.0,6689922.0,4466413.0,1929012.0,1993336.0,4,2002,2002-04-01,155091846.0,159558258.0,161487270.0,163480606.0,2002-04-01
"5, 2002",17989368.0,20268560.0,18263140.0,16801574.0,17451661.0,17102218.0,15573223.0,13472948.0,10755423.0,11513028.0,9891580.0,7831341.0,3547894.0,2669145.0,1842840.0,5,2002,2002-05-01,176914063.0,180461957.0,183131102.0,184973942.0,2002-05-01
"6, 2002",15782667.0,17478273.0,17250039.0,18116363.0,18318850.0,17495655.0,15622372.0,11634705.0,12679134.0,11152775.0,10136793.0,7122644.0,3095816.0,2444742.0,2365855.0,6,2002,2002-06-01,172790270.0,175886086.0,178330828.0,180696683.0,2002-06-01
"7, 2002",18885747.0,17127932.0,18752190.0,18326674.0,17470414.0,16062310.0,11783166.0,12823029.0,10230987.0,9149342.0,5405989.0,2684667.0,2080529.0,1328433.0,1372709.0,7,2002,2002-07-01,158702447.0,160782975.0,162111408.0,163484117.0,2002-07-01
"8, 2002",18076987.0,17973549.0,17678911.0,17174750.0,16728630.0,13348292.0,14264208.0,7368381.0,7284850.0,5942452.0,5463649.0,3638782.0,2636452.0,2624422.0,1956035.0,8,2002,2002-08-01,144943439.0,147579891.0,150204313.0,152160348.0,2002-08-01
"9, 2002",17726526.0,17166870.0,16484169.0,15984764.0,14599157.0,16680176.0,9073862.0,9076380.0,7305918.0,6859045.0,5108305.0,4550715.0,4590085.0,3772060.0,2990685.0,9,2002,2002-09-01,140615888.0,145205972.0,148978032.0,151968717.0,2002-09-01
"10, 2002",17345587.0,15914744.0,15915270.0,13340766.0,17260051.0,10168383.0,8953141.0,6787254.0,7006048.0,5897118.0,4918299.0,4712644.0,4429679.0,3816379.0,,10,2002,2002-10-01,128219305.0,132648984.0,136465363.0,136465363.0,2002-10-01
"11, 2002",16397219.0,15423406.0,12287793.0,14029773.0,9763114.0,9778111.0,9559452.0,8212001.0,7226301.0,6413841.0,5753071.0,5439461.0,4787046.0,,,11,2002,2002-11-01,120283543.0,125070589.0,125070589.0,125070589.0,2002-11-01
"12, 2002",11782651.0,10423017.0,11616936.0,11020808.0,9755018.0,9277982.0,9013441.0,7730135.0,7441673.0,6592558.0,5935173.0,5907678.0,,,,12,2002,2002-12-01,106497071.0,106497071.0,106497071.0,106497071.0,2002-12-01
"1, 2003",8771115.0,9710892.0,12817693.0,11205032.0,9437060.0,9609522.0,7823735.0,7949311.0,7131944.0,6376978.0,6347533.0,5694050.0,4753818.0,4197515.0,3045146.0,1,2003,2003-01-01,102874865.0,107628683.0,111826198.0,114871344.0,2003-01-01
"2, 2003",8652672.0,11233167.0,12200231.0,9031208.0,8942108.0,6943797.0,7548087.0,6618614.0,6202507.0,6221146.0,5418114.0,5048762.0,4866974.0,3682588.0,1352314.0,2,2003,2003-02-01,94060412.0,98927386.0,102609974.0,103962288.0,2003-02-01
"3, 2003",9081638.0,10515225.0,8464004.0,8383863.0,7759260.0,7517662.0,7230527.0,6097651.0,6114517.0,5717165.0,5092274.0,4880665.0,3627632.0,1992054.0,1470498.0,3,2003,2003-03-01,86854450.0,90482082.0,92474137.0,93944635.0,2003-03-01
"4, 2003",16723907.0,10746307.0,10852852.0,10133783.0,10081222.0,10089215.0,8378053.0,8347575.0,8450008.0,7613376.0,7942008.0,7262055.0,4904487.0,3425590.0,2969758.0,4,2003,2003-04-01,116620361.0,121524848.0,124950438.0,127920196.0,2003-04-01
"5, 2003",12684602.0,12046766.0,11587266.0,12726603.0,12535625.0,11795621.0,11067296.0,11079691.0,10207268.0,10607011.0,10053574.0,6474361.0,4472872.0,3641771.0,2932331.0,5,2003,2003-05-01,132865682.0,137338554.0,140980325.0,143912656.0,2003-05-01
"6, 2003",12593309.0,12431358.0,13019190.0,14057931.0,13029920.0,12792694.0,12976935.0,11781150.0,11649066.0,10504667.0,8371971.0,5682537.0,4855382.0,3481642.0,3369317.0,6,2003,2003-06-01,138890727.0,143746110.0,147227752.0,150597069.0,2003-06-01
"7, 2003",13540815.0,11770747.0,12871571.0,12336364.0,13540460.0,12853731.0,11056084.0,11650720.0,9627318.0,7170384.0,4683721.0,3285905.0,5329854.0,5157939.0,4351936.0,7,2003,2003-07-01,124387820.0,129717674.0,134875613.0,139227549.0,2003-07-01
"8, 2003",14018686.0,10909505.0,12194728.0,12888855.0,13519090.0,11696520.0,12737553.0,12058276.0,10117805.0,6906169.0,4866285.0,7044130.0,6214945.0,5290983.0,3970716.0,8,2003,2003-08-01,128957602.0,135172547.0,140463530.0,144434246.0,2003-08-01
"9, 2003",10910875.0,12464794.0,12838034.0,13276256.0,11719484.0,13121292.0,12272376.0,11390130.0,10842145.0,9036402.0,8295992.0,7052040.0,6133548.0,4744653.0,4279366.0,9,2003,2003-09-01,133219819.0,139353367.0,144098020.0,148377386.0,2003-09-01
"10, 2003",10974317.0,11531612.0,14564655.0,14107308.0,14241418.0,13964239.0,11667739.0,11777576.0,10105641.0,8385292.0,6855678.0,6449248.0,4423839.0,3890218.0,,10,2003,2003-10-01,134624722.0,139048562.0,142938779.0,142938779.0,2003-10-01
"11, 2003",11221622.0,12384602.0,13039261.0,14888869.0,14019089.0,11636779.0,12221290.0,10526323.0,9277161.0,8189695.0,7273826.0,5683375.0,4966883.0,,,11,2003,2003-11-01,130361891.0,135328774.0,135328774.0,135328774.0,2003-11-01
"12, 2003",9777610.0,10901388.0,11906914.0,12815007.0,13607088.0,12776359.0,12517814.0,12274099.0,10419420.0,9022937.0,7824742.0,6513419.0,,,,12,2003,2003-12-01,130356796.0,130356796.0,130356796.0,130356796.0,2003-12-01
"1, 2004",8981002.0,11149434.0,12726615.0,13520696.0,14293060.0,14443383.0,13516091.0,11125266.0,10115144.0,9027057.0,8501456.0,6498821.0,5831984.0,6253621.0,5308325.0,1,2004,2004-01-01,133898026.0,139730010.0,145983631.0,151291955.0,2004-01-01
"2, 2004",10611233.0,12008249.0,12805086.0,14669761.0,15681225.0,15769525.0,12436741.0,11615132.0,10221707.0,10022912.0,9121680.0,7093845.0,7650960.0,6580139.0,5764992.0,2,2004,2004-02-01,142057097.0,149708057.0,156288196.0,162053188.0,2004-02-01
"3, 2004",9414265.0,12355813.0,16440894.0,18138751.0,19840798.0,17740397.0,18097559.0,15518571.0,15949588.0,13309864.0,10900607.0,11925636.0,11388686.0,8946676.0,7955492.0,3,2004,2004-03-01,179632741.0,191021427.0,199968102.0,207923595.0,2004-03-01
"4, 2004",12092240.0,12986940.0,16041802.0,17942648.0,16774202.0,18175007.0,14861609.0,15229312.0,14670908.0,11997500.0,13150158.0,12684897.0,10218578.0,9092041.0,8066453.0,4,2004,2004-04-01,176607221.0,186825799.0,195917840.0,203984294.0,2004-04-01
"5, 2004",12972227.0,15614110.0,16855170.0,18084870.0,17529489.0,16087000.0,15453843.0,15598420.0,14333657.0,13087285.0,12867370.0,12790085.0,10686305.0,10527745.0,7857298.0,5,2004,2004-05-01,181273526.0,191959832.0,202487576.0,210344875.0,2004-05-01
"6, 2004",12236565.0,13490505.0,15331540.0,16175928.0,14770598.0,19769673.0,16279535.0,14614201.0,13704593.0,12818096.0,12478033.0,12109531.0,12296358.0,9413293.0,8989812.0,6,2004,2004-06-01,173778799.0,186075157.0,195488451.0,204478263.0,2004-06-01
"7, 2004",11867890.0,13403806.0,16379256.0,14752194.0,19531861.0,16987924.0,14728854.0,13009413.0,13776122.0,13930102.0,12491425.0,12509276.0,10898811.0,10401784.0,10030011.0,7,2004,2004-07-01,173368123.0,184266935.0,194668719.0,204698730.0,2004-07-01
"8, 2004",12468543.0,16911671.0,15678373.0,21097390.0,18473848.0,17646083.0,14464634.0,13979778.0,13800360.0,11359734.0,12500907.0,10887723.0,10711935.0,9740991.0,7937411.0,8,2004,2004-08-01,179269044.0,189980979.0,199721970.0,207659381.0,2004-08-01
"9, 2004",10218390.0,13069013.0,16763933.0,19473419.0,18424021.0,18306008.0,16429544.0,16119513.0,14726104.0,13822447.0,14362727.0,13716293.0,11858896.0,10302078.0,9833488.0,9,2004,2004-09-01,185431411.0,197290307.0,207592385.0,217425873.0,2004-09-01
"10, 2004",12301575.0,16668959.0,17814302.0,18919397.0,19618626.0,18866116.0,15985597.0,14447128.0,14327995.0,14818675.0,14520425.0,11284911.0,10118946.0,9926185.0,,10,2004,2004-10-01,189573704.0,199692650.0,209618836.0,209618836.0,2004-10-01
"11, 2004",15118572.0,16321036.0,18135444.0,22486700.0,20673520.0,20670797.0,16742449.0,16211701.0,15975053.0,14559960.0,9331995.0,9010804.0,9019475.0,,,11,2004,2004-11-01,195238031.0,204257506.0,204257506.0,204257506.0,2004-11-01
"12, 2004",15332627.0,19837012.0,24379788.0,21445316.0,22380003.0,20676095.0,18459455.0,17281000.0,15081275.0,10052354.0,9632077.0,9661614.0,,,,12,2004,2004-12-01,204218615.0,204218615.0,204218615.0,204218615.0,2004-12-01
"1, 2005",18841274.0,27837681.0,24422469.0,23369957.0,23215544.0,24022385.0,21387421.0,19709780.0,14294860.0,13809130.0,12542964.0,9697396.0,6574655.0,7024649.0,6834930.0,1,2005,2005-01-01,233150863.0,239725519.0,246750168.0,253585098.0,2005-01-01
"2, 2005",29227753.0,26851851.0,24100240.0,23587427.0,24503212.0,24299950.0,20933641.0,15018220.0,14301275.0,14213049.0,11090557.0,7297809.0,7613965.0,7405276.0,6313988.0,2,2005,2005-02-01,235424984.0,243038950.0,250444225.0,256758213.0,2005-02-01
"3, 2005",26057372.0,24037402.0,22120328.0,23805713.0,23845326.0,21921642.0,17215237.0,15651549.0,15352677.0,14436237.0,10237377.0,10886621.0,10189491.0,9071555.0,8433392.0,3,2005,2005-03-01,225567481.0,235756972.0,244828527.0,253261919.0,2005-03-01
"4, 2005",23644760.0,21643581.0,24652124.0,25033749.0,22182044.0,22118758.0,19886635.0,17991030.0,16322829.0,12249456.0,12537560.0,9870436.0,8268743.0,7557046.0,3494846.0,4,2005,2005-04-01,228132961.0,236401704.0,243958751.0,247453597.0,2005-04-01
"5, 2005",23674054.0,24660963.0,25627988.0,23516838.0,22825823.0,22655086.0,19542516.0,18039601.0,12922939.0,12281790.0,8898640.0,7327123.0,7598012.0,3777256.0,3669156.0,5,2005,2005-05-01,221973359.0,229571371.0,233348627.0,237017783.0,2005-05-01
"6, 2005",24368547.0,26969787.0,24410608.0,24762448.0,24385750.0,21193323.0,18989424.0,13893462.0,14529617.0,10280922.0,9249804.0,8098225.0,3653763.0,3062918.0,2745139.0,6,2005,2005-06-01,221131916.0,224785679.0,227848597.0,230593736.0,2005-06-01
"7, 2005",26842741.0,26346862.0,27164015.0,27299970.0,26158105.0,20945517.0,15392198.0,16010125.0,12112216.0,12893271.0,11172821.0,7245520.0,6009249.0,5559332.0,5498009.0,7,2005,2005-07-01,229583362.0,235592611.0,241151943.0,246649951.0,2005-07-01
"8, 2005",25148742.0,24006688.0,26396004.0,25730874.0,21602206.0,16438841.0,16996672.0,13424184.0,12084674.0,12828280.0,8706224.0,7199707.0,5697978.0,5618868.0,5448815.0,8,2005,2005-08-01,210563094.0,216261072.0,221879939.0,227328754.0,2005-08-01
"9, 2005",24489760.0,23549134.0,21681561.0,21794058.0,16821382.0,17382381.0,16195846.0,16498438.0,13261097.0,8829782.0,7227266.0,6393548.0,6722149.0,6510336.0,6459087.0,9,2005,2005-09-01,194124253.0,200846402.0,207356738.0,213815825.0,2005-09-01
"10, 2005",24371070.0,23129187.0,21187886.0,17859923.0,17738335.0,17024326.0,14394521.0,14860831.0,10086468.0,8445311.0,6502799.0,6357687.0,6642882.0,6598975.0,,10,2005,2005-10-01,181958343.0,188601225.0,195200200.0,195200200.0,2005-10-01
"11, 2005",20854981.0,17403260.0,16170722.0,18694970.0,18267858.0,16923798.0,16701064.0,13417532.0,10541072.0,8926612.0,9082295.0,8071833.0,8198725.0,,,11,2005,2005-11-01,175055997.0,183254721.0,183254721.0,183254721.0,2005-11-01
"12, 2005",14440644.0,15052046.0,18035693.0,19198575.0,17636727.0,17347504.0,13404139.0,12008014.0,8104110.0,8351593.0,6541408.0,6396087.0,,,,12,2005,2005-12-01,156516540.0,156516540.0,156516540.0,156516540.0,2005-12-01
"1, 2006",15544376.0,17533799.0,20070447.0,18300251.0,19381009.0,16604040.0,14665740.0,11152188.0,11735835.0,9978966.0,9772011.0,8212897.0,8142697.0,9164898.0,9650495.0,1,2006,2006-01-01,172951561.0,181094257.0,190259155.0,199909650.0,2006-01-01
"2, 2006",16977156.0,19949477.0,20478182.0,21391952.0,18455552.0,16927047.0,12197655.0,13132356.0,9784965.0,9787894.0,9438211.0,9191957.0,10131237.0,10586902.0,10671587.0,2,2006,2006-02-01,177712403.0,187843641.0,198430543.0,209102129.0,2006-02-01
"3, 2006",17252606.0,19712275.0,21615305.0,18210498.0,17645582.0,14250219.0,14663893.0,12298542.0,12367810.0,11640941.0,10143183.0,10246711.0,10100558.0,10650557.0,11019946.0,3,2006,2006-03-01,180047565.0,190148124.0,200798681.0,211818627.0,2006-03-01
"4, 2006",20151205.0,22514760.0,19798673.0,20472870.0,16923041.0,18536790.0,14450800.0,13777825.0,12467642.0,11005009.0,11763022.0,11397824.0,11569543.0,11485955.0,12029352.0,4,2006,2006-04-01,193259459.0,204829002.0,216314957.0,228344308.0,2006-04-01
"5, 2006",24678790.0,22044490.0,20621501.0,15982914.0,17979949.0,16796582.0,15314111.0,14535999.0,11914633.0,11835997.0,11234648.0,11409095.0,10926229.0,11386577.0,10265171.0,5,2006,2006-05-01,194348710.0,205274939.0,216661516.0,226926687.0,2006-05-01
"6, 2006",23325104.0,24141745.0,15509733.0,17713231.0,21258686.0,18117804.0,15225370.0,14597052.0,14783070.0,14082983.0,14294928.0,12061170.0,10163674.0,6872750.0,6761678.0,6,2006,2006-06-01,205110877.0,215274551.0,222147301.0,228908979.0,2006-06-01
"7, 2006",20086038.0,20325630.0,21382240.0,21543420.0,20222887.0,17318993.0,16622563.0,16369120.0,15480454.0,15948237.0,14327939.0,12249663.0,8554061.0,7273843.0,7099937.0,7,2006,2006-07-01,211877184.0,220431245.0,227705088.0,234805025.0,2006-07-01
"8, 2006",21814850.0,24776885.0,26344069.0,26073617.0,22928934.0,21071045.0,18944953.0,18628583.0,18756245.0,17627064.0,13589407.0,9793555.0,8953134.0,8658706.0,6671010.0,8,2006,2006-08-01,240349209.0,249302343.0,257961049.0,264632058.0,2006-08-01
"9, 2006",23699126.0,27326541.0,24756296.0,25028289.0,22251611.0,22482434.0,19294566.0,18977018.0,17442926.0,14856616.0,10653265.0,8832348.0,8311329.0,6132571.0,3576823.0,9,2006,2006-09-01,235601034.0,243912363.0,250044933.0,253621757.0,2006-09-01
"10, 2006",25617344.0,24836414.0,28392773.0,25562475.0,24555898.0,23282824.0,19667191.0,16949372.0,15287820.0,12312847.0,10040121.0,9797910.0,7621418.0,5090360.0,,10,2006,2006-10-01,236302990.0,243924408.0,249014769.0,249014769.0,2006-10-01
"11, 2006",26332462.0,20188043.0,22845046.0,23979089.0,25035046.0,24598610.0,23062809.0,20471105.0,18117886.0,13561016.0,12505878.0,9804431.0,7133519.0,,,11,2006,2006-11-01,240501422.0,247634941.0,247634941.0,247634941.0,2006-11-01
"12, 2006",19600299.0,24271098.0,25724023.0,28125605.0,28630029.0,26874401.0,24705730.0,16543084.0,14714196.0,13902580.0,10240272.0,6535913.0,,,,12,2006,2006-12-01,239867229.0,239867229.0,239867229.0,239867229.0,2006-12-01
"1, 2007",20837231.0,25154323.0,27665992.0,27432999.0,26118665.0,29601816.0,24852633.0,17656159.0,20018601.0,17024975.0,13682478.0,12121732.0,10653372.0,11275078.0,9579195.0,1,2007,2007-01-01,262167604.0,272820976.0,284096054.0,293675249.0,2007-01-01
"2, 2007",23736715.0,26264288.0,26289862.0,25912071.0,27708822.0,27284881.0,20188848.0,20422677.0,17599683.0,16051590.0,11735012.0,9498560.0,12986454.0,12182458.0,9855828.0,2,2007,2007-02-01,252693009.0,265679463.0,277861921.0,287717748.0,2007-02-01
"3, 2007",27067836.0,29762343.0,27905388.0,28353373.0,26122085.0,21071821.0,21422753.0,18325569.0,17316705.0,14356156.0,11429361.0,13179071.0,11704114.0,10359943.0,8114225.0,3,2007,2007-03-01,256312461.0,268016576.0,278376519.0,286490744.0,2007-03-01
"4, 2007",27843975.0,30852674.0,31016451.0,28133575.0,20482735.0,20718382.0,18113352.0,16536155.0,15077264.0,10803868.0,10059033.0,8515918.0,8775563.0,6682482.0,5894411.0,4,2007,2007-04-01,238153381.0,246928944.0,253611426.0,259505837.0,2007-04-01
"5, 2007",26944672.0,29118933.0,28310155.0,26290996.0,24418420.0,20464791.0,20124311.0,18196266.0,13313940.0,14075511.0,12121360.0,12501698.0,9108928.0,7799975.0,6925924.0,5,2007,2007-05-01,245881053.0,254989981.0,262789955.0,269715880.0,2007-05-01
"6, 2007",25673395.0,26565806.0,30689714.0,28715944.0,26665381.0,25148303.0,23608674.0,17547542.0,18275135.0,15379196.0,15193853.0,11107989.0,9480236.0,8646020.0,6700093.0,6,2007,2007-06-01,264570934.0,274051170.0,282697190.0,289397282.0,2007-06-01
"7, 2007",26655076.0,29161301.0,25975895.0,26474533.0,27711449.0,28189591.0,23016873.0,21952707.0,19083581.0,19442341.0,13837370.0,12318433.0,11378027.0,9073463.0,9011236.0,7,2007,2007-07-01,273819150.0,285197177.0,294270640.0,303281876.0,2007-07-01
"8, 2007",30386528.0,25266733.0,28428219.0,28556652.0,29817073.0,23619059.0,24737308.0,18914607.0,19245704.0,14165106.0,12389098.0,12161205.0,10229068.0,9916842.0,8714471.0,8,2007,2007-08-01,267687292.0,277916360.0,287833201.0,296547672.0,2007-08-01
"9, 2007",25560781.0,30064177.0,27359330.0,32609129.0,27645352.0,30030602.0,25876871.0,24172310.0,18485782.0,17379855.0,16197909.0,14118354.0,13986380.0,13514401.0,11273830.0,9,2007,2007-09-01,289500451.0,303486831.0,317001232.0,328275063.0,2007-09-01
"10, 2007",28502501.0,30254284.0,32052419.0,30474503.0,32410959.0,27867520.0,27955078.0,20693571.0,19363733.0,17647804.0,15234750.0,15250286.0,14738018.0,14176297.0,,10,2007,2007-10-01,297707408.0,312445426.0,326621723.0,326621723.0,2007-10-01
"11, 2007",28607751.0,28920246.0,28211548.0,35463314.0,28350313.0,29043497.0,24911944.0,22303699.0,20532214.0,18088858.0,18380436.0,17766960.0,17491214.0,,,11,2007,2007-11-01,300580780.0,318071994.0,318071994.0,318071994.0,2007-11-01
"12, 2007",26622335.0,27412036.0,32643389.0,30793913.0,31812863.0,26409124.0,26577535.0,22364814.0,21169609.0,20188048.0,18821604.0,19339463.0,,,,12,2007,2007-12-01,304154733.0,304154733.0,304154733.0,304154733.0,2007-12-01
"1, 2008",24635145.0,33381957.0,30445608.0,32146564.0,28432564.0,29967753.0,27780183.0,23933474.0,22797187.0,21016880.0,21413035.0,17733659.0,12028385.0,9824337.0,8363015.0,1,2008,2008-01-01,313684011.0,325712396.0,335536733.0,343899748.0,2008-01-01
"2, 2008",30916140.0,30579690.0,31972919.0,27243945.0,29977280.0,27711982.0,25917276.0,23026751.0,20918124.0,21516933.0,17827282.0,11828511.0,9145926.0,8183747.0,2803898.0,2,2008,2008-02-01,299436831.0,308582758.0,316766505.0,319570403.0,2008-02-01
"3, 2008",30721881.0,32459344.0,31540493.0,33935838.0,32441819.0,31310315.0,30539569.0,27366416.0,26565393.0,23720488.0,16786784.0,14567101.0,13507384.0,7522702.0,7280070.0,3,2008,2008-03-01,331955441.0,345462825.0,352985527.0,360265597.0,2008-03-01
"4, 2008",32197870.0,31985868.0,35690933.0,34332115.0,32342344.0,34748968.0,29822674.0,29228789.0,26034707.0,19446255.0,17508938.0,16540441.0,9863716.0,9545554.0,9395566.0,4,2008,2008-04-01,339879903.0,349743619.0,359289173.0,368684739.0,2008-04-01
"5, 2008",30256311.0,38163660.0,38075159.0,34884066.0,36689889.0,36267972.0,31905079.0,29158949.0,24721660.0,22888038.0,19993868.0,11033346.0,10677483.0,10258116.0,9763536.0,5,2008,2008-05-01,354037996.0,364715479.0,374973595.0,384737131.0,2008-05-01
"6, 2008",37024432.0,37527312.0,36565920.0,38507206.0,37118551.0,36339999.0,30642809.0,25833866.0,25583096.0,20820919.0,15692720.0,14822203.0,14848106.0,13454866.0,12576758.0,6,2008,2008-06-01,356479033.0,371327139.0,384782005.0,397358764.0,2008-06-01
"7, 2008",36153510.0,35271177.0,36753758.0,37305246.0,37780242.0,36257541.0,29454079.0,28597167.0,24671927.0,19430327.0,18504832.0,18559822.0,18251542.0,16763323.0,17045767.0,7,2008,2008-07-01,358739626.0,376991168.0,393754491.0,410800258.0,2008-07-01
"8, 2008",36364304.0,37937181.0,37012232.0,35987163.0,36624963.0,32104844.0,28740011.0,26392350.0,22060442.0,20555903.0,20175927.0,19541767.0,18911390.0,18549901.0,14501106.0,8,2008,2008-08-01,353497086.0,372408476.0,390958377.0,405459483.0,2008-08-01
"9, 2008",35834841.0,35343556.0,35193700.0,32906388.0,28866038.0,30770164.0,24615146.0,23154626.0,22347407.0,22849268.0,22588988.0,20875240.0,20681863.0,17309895.0,10556748.0,9,2008,2008-09-01,335345362.0,356027225.0,373337120.0,383893868.0,2008-09-01
"10, 2008",34525688.0,35676460.0,31899694.0,28826495.0,28712219.0,27305649.0,22793768.0,25573032.0,26185846.0,25620663.0,23480749.0,23441207.0,19779129.0,13016504.0,,10,2008,2008-10-01,334041469.0,353820598.0,366837102.0,366837102.0,2008-10-01
"11, 2008",31167781.0,31461798.0,26954340.0,28857314.0,27330848.0,26746628.0,27678821.0,26709061.0,26449661.0,23810257.0,23573616.0,20246148.0,13683857.0,,,11,2008,2008-11-01,320986273.0,334670130.0,334670130.0,334670130.0,2008-11-01
"12, 2008",30755964.0,26471161.0,27570119.0,27053301.0,25123519.0,26694014.0,24390922.0,24390922.0,22341509.0,21833852.0,19009308.0,15948862.0,,,,12,2008,2008-12-01,291583454.0,291583454.0,291583454.0,291583454.0,2008-12-01
"1, 2009",27153366.0,30910618.0,28507597.0,24956015.0,24397439.0,23597643.0,22637295.0,20258145.0,19871216.0,17345036.0,14217782.0,10307252.0,3815675.0,3675606.0,3409112.0,1,2009,2009-01-01,264159405.0,267975080.0,271650686.0,275059798.0,2009-01-01
"2, 2009",30524717.0,28560538.0,23233223.0,22027873.0,20902220.0,20098399.0,17486282.0,16796204.0,13905224.0,10840878.0,7143120.0,1654847.0,1249960.0,1209203.0,1248540.0,2,2009,2009-02-01,213173526.0,214423486.0,215632689.0,216881229.0,2009-02-01
"3, 2009",32397013.0,23267374.0,21812043.0,22350542.0,20235348.0,18479024.0,17046609.0,14500024.0,11360549.0,7308912.0,1657591.0,1212408.0,1173128.0,1211553.0,1171591.0,3,2009,2009-03-01,191627436.0,192800564.0,194012117.0,195183708.0,2009-03-01
"4, 2009",26397467.0,25629493.0,25006346.0,22654526.0,21451993.0,20788724.0,17811748.0,15066518.0,14659869.0,8152153.0,5048566.0,4885702.0,4894846.0,4032887.0,2990780.0,4,2009,2009-04-01,207553104.0,212447950.0,216480837.0,219471617.0,2009-04-01
"5, 2009",24734150.0,26027379.0,23752385.0,24792399.0,23391620.0,21270097.0,17477848.0,17006367.0,10453188.0,7665584.0,7299827.0,7315975.0,5334326.0,3870455.0,3870455.0,5,2009,2009-05-01,211186821.0,216521147.0,220391602.0,224262057.0,2009-05-01
"6, 2009",30269567.0,25725609.0,27608398.0,25706552.0,24128240.0,20494367.0,20798757.0,13144437.0,10301353.0,9833669.0,9179053.0,8088135.0,6420150.0,6420150.0,5705682.0,6,2009,2009-06-01,225278138.0,231698288.0,238118438.0,243824120.0,2009-06-01
"7, 2009",30754636.0,31527706.0,32605106.0,32879191.0,30039374.0,30357260.0,17564940.0,13960063.0,13623777.0,13490332.0,12001734.0,10833191.0,10116470.0,9660760.0,9044351.0,7,2009,2009-07-01,269637308.0,279753779.0,289414538.0,298458889.0,2009-07-01
"8, 2009",28946004.0,30825493.0,34176374.0,29258244.0,32364707.0,25512780.0,19548721.0,19231835.0,18523221.0,15662725.0,14616560.0,13875463.0,13336627.0,12847884.0,10838537.0,8,2009,2009-08-01,282542125.0,295878752.0,308726636.0,319565174.0,2009-08-01
"9, 2009",28955181.0,32666991.0,34460584.0,29611435.0,22294313.0,21734746.0,19270957.0,19758201.0,17911561.0,14698868.0,13534301.0,13291882.0,12757500.0,11112409.0,9515142.0,9,2009,2009-09-01,268189020.0,280946520.0,292058929.0,301574072.0,2009-09-01
"10, 2009",30743611.0,34067484.0,31345643.0,23945513.0,20737869.0,21338968.0,19892845.0,18606822.0,15296901.0,13768337.0,13437750.0,12844721.0,11184626.0,9953402.0,,10,2009,2009-10-01,256026462.0,267211088.0,277164490.0,277164490.0,2009-10-01
"11, 2009",40976161.0,39033316.0,27758658.0,25644926.0,26918750.0,28076248.0,25703830.0,24037045.0,21981610.0,21237625.0,19545541.0,17446302.0,16848269.0,,,11,2009,2009-11-01,318360012.0,335208282.0,335208282.0,335208282.0,2009-11-01
"12, 2009",33851538.0,33109105.0,26937481.0,27992030.0,30578236.0,28142700.0,27199300.0,26138175.0,24755005.0,20206718.0,18262045.0,17606788.0,,,,12,2009,2009-12-01,314779121.0,314779121.0,314779121.0,314779121.0,2009-12-01
"1, 2010",25549026.0,30974948.0,31529501.0,33152229.0,33454906.0,32406996.0,30448106.0,26192668.0,22535198.0,21521078.0,18632795.0,16703521.0,15048642.0,16231584.0,14022794.0,1,2010,2010-01-01,323100973.0,338149615.0,354381198.0,368403992.0,2010-01-01
"2, 2010",29691102.0,29973438.0,32046187.0,32359740.0,32308581.0,31212507.0,29223952.0,22643485.0,21604784.0,19957175.0,17606133.0,15675593.0,16259533.0,13109625.0,9641963.0,2,2010,2010-02-01,314302676.0,330562209.0,343671834.0,353313798.0,2010-02-01
"3, 2010",29256719.0,30458816.0,31642013.0,31523494.0,30639381.0,29237811.0,22815541.0,21735705.0,20807949.0,19189779.0,16684761.0,18149949.0,13994471.0,11652044.0,7397588.0,3,2010,2010-03-01,302141917.0,316136388.0,327788432.0,335186020.0,2010-03-01
"4, 2010",31553034.0,29323271.0,32895874.0,31841391.0,30640984.0,24547919.0,21648218.0,21078179.0,19404098.0,15994657.0,17231863.0,14689205.0,12595950.0,7502045.0,6633924.0,4,2010,2010-04-01,290848694.0,303444643.0,310946689.0,317580613.0,2010-04-01
"5, 2010",33149176.0,34706808.0,34306442.0,32244750.0,27133751.0,25276823.0,22565467.0,20443320.0,16723184.0,17980381.0,15392161.0,12956815.0,7578936.0,7030146.0,6337737.0,5,2010,2010-05-01,292879078.0,300458014.0,307488159.0,313825896.0,2010-05-01
"6, 2010",34680230.0,35370645.0,33279835.0,27144745.0,26767127.0,25814624.0,21360147.0,17860091.0,19645197.0,16527170.0,13994782.0,8648372.0,7980342.0,6871793.0,6605709.0,6,2010,2010-06-01,281092965.0,289073307.0,295945100.0,302550809.0,2010-06-01
"7, 2010",36142444.0,34976504.0,31188451.0,27578643.0,26624436.0,24632198.0,18823327.0,21019951.0,17929928.0,15547715.0,9221406.0,9229195.0,7700640.0,7420866.0,7539887.0,7,2010,2010-07-01,272914197.0,280614837.0,288035704.0,295575591.0,2010-07-01
"8, 2010",31992681.0,33313159.0,32343678.0,32126703.0,28055686.0,23711628.0,22430592.0,19157088.0,16298788.0,9262466.0,9167112.0,8255894.0,7870647.0,8004641.0,6866307.0,8,2010,2010-08-01,266115475.0,273986122.0,281990762.0,288857070.0,2010-08-01
"9, 2010",34546715.0,36072723.0,34971081.0,30122864.0,25158143.0,28221526.0,23993374.0,23230888.0,14034085.0,13919122.0,13366719.0,12750332.0,12367554.0,11116191.0,10825915.0,9,2010,2010-09-01,290387572.0,302755126.0,313871317.0,324697232.0,2010-09-01
"10, 2010",36537403.0,37755280.0,32172760.0,27037064.0,28664766.0,28307662.0,23064584.0,13451577.0,13234423.0,12554144.0,12160607.0,12326910.0,10670383.0,10361080.0,,10,2010,2010-10-01,277267180.0,287937563.0,298298643.0,298298643.0,2010-10-01
"11, 2010",30631414.0,29245996.0,27007480.0,30219130.0,29584683.0,30238306.0,15217951.0,14113236.0,13991661.0,13706717.0,13449624.0,12043094.0,11585803.0,,,11,2010,2010-11-01,259449291.0,271035094.0,271035094.0,271035094.0,2010-11-01
"12, 2010",26517942.0,24776889.0,27289839.0,25652568.0,25602892.0,20044918.0,16369758.0,16630894.0,15729279.0,14836426.0,13360366.0,13046346.0,,,,12,2010,2010-12-01,239858116.0,239858116.0,239858116.0,239858116.0,2010-12-01
"1, 2011",27120247.0,29847320.0,27681445.0,25622959.0,19981753.0,20003500.0,17093662.0,16182675.0,15317490.0,14200637.0,13859430.0,12837727.0,12007411.0,9190394.0,8833008.0,1,2011,2011-01-01,239748845.0,251756257.0,260946651.0,269779659.0,2011-01-01
"2, 2011",27929798.0,28551575.0,26494332.0,20569532.0,19718970.0,21339074.0,17697241.0,16364986.0,15499567.0,14766618.0,13981864.0,12837782.0,10518799.0,9628853.0,8146433.0,2,2011,2011-02-01,235751337.0,246270136.0,255898988.0,264045421.0,2011-02-01
"3, 2011",28644355.0,24339689.0,19814445.0,19747360.0,19170676.0,20408600.0,17613790.0,16199964.0,15537853.0,14979918.0,13215947.0,10991009.0,9889505.0,8270721.0,7608284.0,3,2011,2011-03-01,220663607.0,230553111.0,238823832.0,246432116.0,2011-03-01
"4, 2011",24356971.0,19583119.0,18197229.0,19366543.0,19957116.0,20116185.0,16836893.0,15290614.0,14615840.0,12985076.0,10608112.0,9399041.0,8271331.0,8012927.0,3689948.0,4,2011,2011-04-01,201312740.0,209584070.0,217596997.0,221286945.0,2011-04-01
"5, 2011",26476802.0,26627251.0,20347686.0,19703730.0,20529319.0,19141808.0,16020971.0,15844420.0,13895768.0,11800365.0,10859876.0,8839923.0,8921115.0,4093732.0,3693423.0,5,2011,2011-05-01,210087919.0,219009034.0,223102766.0,226796189.0,2011-05-01
"6, 2011",23775196.0,20782416.0,20788877.0,19372087.0,16668429.0,14882570.0,13310651.0,11507797.0,10944221.0,9335008.0,9399817.0,7196474.0,5414225.0,3342707.0,3454184.0,6,2011,2011-06-01,177963543.0,183377768.0,186720475.0,190174659.0,2011-06-01
"7, 2011",30563335.0,22824663.0,23748273.0,21674710.0,21236035.0,20751780.0,15353882.0,14220117.0,13551081.0,12679801.0,12845574.0,10847937.0,9208371.0,6819212.0,7046590.0,7,2011,2011-07-01,220297187.0,229505559.0,236324771.0,243371360.0,2011-07-01
"8, 2011",22403366.0,22765942.0,22198637.0,20531375.0,20954257.0,17817903.0,16299289.0,15597834.0,15284378.0,15678712.0,13816327.0,11845617.0,10005766.0,10253582.0,7247066.0,8,2011,2011-08-01,215193635.0,225199401.0,235452984.0,242700050.0,2011-08-01
"9, 2011",23093387.0,22255376.0,20006472.0,19497259.0,17528942.0,16084408.0,13959592.0,15267476.0,14963630.0,13122057.0,11340175.0,9014148.0,9225607.0,6285652.0,6422362.0,9,2011,2011-09-01,196132922.0,205358529.0,211644181.0,218066543.0,2011-09-01
"10, 2011",22650960.0,22365073.0,21101056.0,18334612.0,16876811.0,15616932.0,15050488.0,14898678.0,13105777.0,11122070.0,9281146.0,9482076.0,6554409.0,6680622.0,4238886.0,10,2011,2011-10-01,189885680.0,196440089.0,203120712.0,207359598.0,2011-10-01
"11, 2011",20700443.0,23596968.0,20795098.0,17734839.0,15962085.0,17557575.0,15287712.0,13439965.0,11408315.0,9502787.0,9712594.0,6775302.0,6806132.0,4133860.0,3495399.0,11,2011,2011-11-01,182473683.0,189279814.0,193413675.0,196909074.0,2011-11-01
"12, 2011",18425061.0,17487905.0,19835697.0,15521633.0,17474140.0,16713282.0,14417293.0,11164156.0,9605597.0,9384550.0,6650887.0,6659076.0,5053754.0,4341409.0,4451199.0,12,2011,2011-12-01,163339277.0,168393031.0,172734440.0,177185639.0,2011-12-01
"1, 2012",14301939.0,18902051.0,16425352.0,17895314.0,16463828.0,14929345.0,10894800.0,9048670.0,9454463.0,6790174.0,6836518.0,4949577.0,4725082.0,4327211.0,4013505.0,1,2012,2012-01-01,146892031.0,151617113.0,155944324.0,159957829.0,2012-01-01
"2, 2012",13629429.0,16856949.0,17757751.0,18190246.0,17947755.0,14255489.0,11125278.0,11487580.0,8979438.0,8528883.0,6467303.0,6180673.0,6089240.0,5107768.0,3791442.0,2,2012,2012-02-01,151406772.0,157496013.0,162603780.0,166395222.0,2012-02-01
"3, 2012",15993453.0,18733790.0,19649219.0,19283859.0,15089497.0,12491175.0,12053876.0,9405047.0,9055430.0,7286629.0,6464563.0,6197812.0,5427220.0,3462542.0,3415565.0,3,2012,2012-03-01,151704350.0,157131570.0,160594112.0,164009678.0,2012-03-01
"4, 2012",16883943.0,18199933.0,18893414.0,15991777.0,14351013.0,14773213.0,12574334.0,11553490.0,9415861.0,6609870.0,6919998.0,6292703.0,4989550.0,4702923.0,3815999.0,4,2012,2012-04-01,152459548.0,157449098.0,162152021.0,165968020.0,2012-04-01
"5, 2012",16667500.0,18815325.0,17529756.0,12958764.0,15073883.0,12537369.0,11288718.0,9397484.0,7478251.0,7548024.0,6896467.0,5543345.0,4986910.0,4411359.0,4207539.0,5,2012,2012-05-01,141734885.0,146721795.0,151133154.0,155340693.0,2012-05-01
"6, 2012",16009417.0,17132230.0,15387380.0,13801043.0,11817411.0,10038034.0,8147558.0,6390280.0,6426677.0,6701134.0,5449960.0,5201162.0,4512889.0,4079079.0,2300243.0,6,2012,2012-06-01,122502287.0,127015176.0,131094256.0,133394499.0,2012-06-01
"7, 2012",15017625.0,14655361.0,13751178.0,13205795.0,11709322.0,9160271.0,6804397.0,7256820.0,7178230.0,6008550.0,5853368.0,5168370.0,4709931.0,2934105.0,2669949.0,7,2012,2012-07-01,115769287.0,120479217.0,123413322.0,126083271.0,2012-07-01
"8, 2012",12094482.0,13138303.0,13590089.0,13410515.0,11342378.0,7219720.0,7403070.0,7305738.0,5850131.0,5611792.0,4876269.0,4672449.0,3210407.0,2929763.0,1187356.0,8,2012,2012-08-01,106514936.0,109725343.0,112655106.0,113842461.0,2012-08-01
"9, 2012",12400603.0,12854447.0,11915430.0,11287034.0,8374859.0,7847991.0,8779525.0,8084495.0,8747956.0,6944685.0,6740865.0,5231815.0,5331405.0,3806086.0,2907973.0,9,2012,2012-09-01,109209704.0,114541109.0,118347195.0,121255169.0,2012-09-01
"10, 2012",12522621.0,12325583.0,12063460.0,8402543.0,8259998.0,8332455.0,8068514.0,8731729.0,6581574.0,6377754.0,4833376.0,4634419.0,3061795.0,2146669.0,1772429.0,10,2012,2012-10-01,101134026.0,104195821.0,106342490.0,108114919.0,2012-10-01
"11, 2012",11604410.0,13266088.0,9869516.0,9900161.0,8662156.0,8225618.0,8866941.0,6463624.0,6271817.0,4706180.0,4747522.0,3301185.0,2438147.0,2230154.0,632258.0,11,2012,2012-11-01,95885219.0,98323366.0,100553520.0,101185778.0,2012-11-01
"12, 2012",11255608.0,9877334.0,10468719.0,8763319.0,8674103.0,8329921.0,6148798.0,5569710.0,4184469.0,4151442.0,3307028.0,2526338.0,2352736.0,342405.0,379115.0,12,2012,2012-12-01,83256786.0,85609522.0,85951927.0,86331042.0,2012-12-01
"1, 2013",9111563.0,10552053.0,8824496.0,8766216.0,8793699.0,8703439.0,6763674.0,4995891.0,5231216.0,4691130.0,3531311.0,3386490.0,1401060.0,1329813.0,1286918.0,1,2013,2013-01-01,83351179.0,84752239.0,86082052.0,87368970.0,2013-01-01
"2, 2013",8399055.0,7469940.0,9114781.0,10054389.0,10937263.0,10549884.0,8436450.0,6651202.0,6171073.0,5048558.0,4906677.0,2760121.0,2891199.0,2353476.0,2431933.0,2,2013,2013-02-01,90499393.0,93390592.0,95744069.0,98176001.0,2013-02-01
"3, 2013",9648325.0,11130983.0,11181043.0,12422261.0,10326913.0,8293648.0,8147293.0,7270680.0,6160922.0,6943770.0,4783828.0,5296416.0,5125559.0,5069316.0,3558869.0,3,2013,2013-03-01,101606082.0,106731641.0,111800957.0,115359826.0,2013-03-01
"4, 2013",10848067.0,11006827.0,11933418.0,11950866.0,8657702.0,8945297.0,7311250.0,6122864.0,7057258.0,4710417.0,5227481.0,5058800.0,5157294.0,3849440.0,3807933.0,4,2013,2013-04-01,98830246.0,103987540.0,107836981.0,111644913.0,2013-04-01
"5, 2013",10425427.0,12324880.0,12350868.0,10877540.0,9540548.0,8738745.0,6340886.0,7881530.0,5481943.0,6139151.0,6257999.0,6461901.0,6129799.0,6329435.0,5288428.0,5,2013,2013-05-01,102821418.0,108951217.0,115280652.0,120569080.0,2013-05-01
"6, 2013",11490726.0,10987564.0,9144447.0,9023103.0,9236633.0,7801578.0,9708117.0,6897453.0,7380666.0,7363549.0,7604341.0,7363549.0,7604341.0,7471875.0,6770309.0,6,2013,2013-06-01,104001726.0,111606067.0,119077941.0,125848250.0,2013-06-01
"7, 2013",9887749.0,9604897.0,10819561.0,10160942.0,8852103.0,10736927.0,8879839.0,8601254.0,9381779.0,9689929.0,9483145.0,9794662.0,9794662.0,8982690.0,5735709.0,7,2013,2013-07-01,115892788.0,125687450.0,134670140.0,140405848.0,2013-07-01
"8, 2013",13150271.0,13994656.0,13908338.0,12399718.0,12475222.0,8529676.0,9492080.0,8887739.0,9178680.0,8787073.0,8870267.0,8870267.0,7901203.0,5748261.0,5403578.0,8,2013,2013-08-01,128543986.0,136445189.0,142193450.0,147597028.0,2013-08-01
"9, 2013",12393871.0,12862072.0,12969456.0,11252809.0,8198100.0,8425654.0,8618472.0,8869300.0,8485141.0,8762540.0,8256548.0,6885186.0,4773096.0,4460006.0,4384181.0,9,2013,2013-09-01,115979150.0,120752246.0,125212252.0,129596433.0,2013-09-01
"10, 2013",11095981.0,11818020.0,11742978.0,10544114.0,8808473.0,9066997.0,8226229.0,8131599.0,8649069.0,8411409.0,7456566.0,5431919.0,5261949.0,5053379.0,4998585.0,10,2013,2013-10-01,109383354.0,114645303.0,119698682.0,124697267.0,2013-10-01
"11, 2013",11294651.0,11533612.0,10718925.0,9647794.0,9290163.0,9703690.0,9412283.0,9185796.0,8975556.0,7984827.0,5805672.0,5623637.0,5805672.0,5207399.0,4291374.0,11,2013,2013-11-01,109176606.0,114982278.0,120189677.0,124481051.0,2013-11-01
"12, 2013",11142308.0,10432460.0,10560966.0,9427078.0,9697288.0,10483909.0,10433570.0,10245208.0,9075167.0,6339463.0,6140642.0,6281023.0,5520473.0,4986236.0,2528061.0,12,2013,2013-12-01,110259082.0,115779556.0,120765791.0,123293853.0,2013-12-01
"1, 2014",9241706.0,11539167.0,10372199.0,10060405.0,10908607.0,11588659.0,11377365.0,10453584.0,7583403.0,7349666.0,7403843.0,6082435.0,5493781.0,3035103.0,2937169.0,1,2014,2014-01-01,113961040.0,119454821.0,122489924.0,125427093.0,2014-01-01
"2, 2014",10993255.0,10638710.0,11927837.0,10961750.0,10535154.0,10527538.0,11141823.0,7667847.0,7430563.0,9199767.0,8901162.0,7299973.0,5332354.0,4178219.0,3221736.0,2,2014,2014-02-01,117225379.0,122557732.0,126735951.0,129957687.0,2014-02-01
"3, 2014",10787017.0,11927763.0,11118150.0,10658916.0,11499612.0,11156091.0,7749035.0,7507865.0,10799713.0,10708364.0,9080599.0,7306405.0,4651397.0,4400990.0,3981247.0,3,2014,2014-03-01,120299528.0,124950925.0,129351916.0,133333163.0,2014-03-01
"4, 2014",10974162.0,11038617.0,10716205.0,11588515.0,11731438.0,7565182.0,6835115.0,9137926.0,9579832.0,8072008.0,6458433.0,5357525.0,4620818.0,4292670.0,3537218.0,4,2014,2014-04-01,109054959.0,113675778.0,117968447.0,121505665.0,2014-04-01
"5, 2014",9490914.0,10350489.0,10093988.0,10871854.0,8130679.0,9326827.0,12370568.0,12577140.0,10815671.0,9575362.0,6807868.0,5863286.0,5674173.0,5863286.0,5677661.0,5,2014,2014-05-01,116274645.0,121948818.0,127812104.0,133489765.0,2014-05-01
"6, 2014",8845041.0,8845041.0,10100489.0,8089370.0,7572493.0,10196989.0,11537530.0,10858673.0,9413232.0,8546752.0,7450216.0,7447550.0,7678716.0,7354226.0,7298825.0,6,2014,2014-06-01,108903375.0,116582091.0,123936317.0,131235142.0,2014-06-01
"7, 2014",6987896.0,7054452.0,8875337.0,8070329.0,14182054.0,15003286.0,15002053.0,12956967.0,11554409.0,11538267.0,11607494.0,11573434.0,11358214.0,11199934.0,9861963.0,7,2014,2014-07-01,134405978.0,145764192.0,156964126.0,166826089.0,2014-07-01
"8, 2014",6879118.0,7552567.0,7530352.0,12835706.0,16377162.0,16113968.0,14497048.0,13163131.0,13118321.0,15303311.0,16033150.0,15605400.0,15348375.0,14800169.0,14828390.0,8,2014,2014-08-01,155009234.0,170357608.0,185157777.0,199986167.0,2014-08-01
"9, 2014",8186720.0,8192066.0,11244812.0,14851506.0,14381597.0,14055971.0,13347948.0,13119468.0,16810393.0,17421071.0,17279021.0,16777100.0,16236763.0,16204376.0,16504663.0,9,2014,2014-09-01,165667673.0,181904436.0,198108812.0,214613475.0,2014-09-01
"10, 2014",7842967.0,11526494.0,12412206.0,13178913.0,13770455.0,14634097.0,13358878.0,16205940.0,16299211.0,15956271.0,15464516.0,16043928.0,15098295.0,14994293.0,14730789.0,10,2014,2014-10-01,166693876.0,181792171.0,196786464.0,211517253.0,2014-10-01
"11, 2014",10327080.0,12655299.0,11033149.0,13223804.0,12438732.0,13886385.0,13881007.0,14105830.0,14634090.0,14838745.0,16533454.0,15703959.0,15420381.0,15562771.0,13427252.0,11,2014,2014-11-01,163261535.0,178681916.0,194244687.0,207671938.0,2014-11-01
"12, 2014",12829129.0,13668300.0,14825972.0,14833921.0,14920342.0,14984075.0,14328940.0,15241106.0,16206686.0,18277693.0,16987125.0,16522682.0,17090956.0,13829028.0,13298439.0,12,2014,2014-12-01,183625970.0,200716926.0,214545954.0,227844393.0,2014-12-01
"1, 2015",10613362.0,11504843.0,14361975.0,13417873.0,15835430.0,16358247.0,16856470.0,18945475.0,20409050.0,19090568.0,19108509.0,18760461.0,15543965.0,14298819.0,13039241.0,1,2015,2015-01-01,195262262.0,210806227.0,225105047.0,238144288.0,2015-01-01
"2, 2015",11920226.0,15469646.0,15199159.0,16461269.0,16651367.0,17198404.0,18302491.0,21265023.0,19930954.0,19957424.0,19619936.0,16276296.0,15104572.0,13793428.0,13423211.0,2,2015,2015-02-01,208252195.0,223356766.0,237150194.0,250573405.0,2015-02-01
"3, 2015",13419266.0,14985971.0,16114987.0,16488142.0,16919132.0,19380921.0,19445705.0,18265180.0,18155441.0,20419554.0,17136505.0,15771669.0,14009359.0,13264825.0,13398303.0,3,2015,2015-03-01,206502473.0,220511832.0,233776657.0,247174960.0,2015-03-01
"4, 2015",12706657.0,15270405.0,16125950.0,15511872.0,19281405.0,19980784.0,18475524.0,18386708.0,20136445.0,16701891.0,15274841.0,14274021.0,12667138.0,12819920.0,13088705.0,4,2015,2015-04-01,202126502.0,214793640.0,227613561.0,240702266.0,2015-04-01
"5, 2015",16401136.0,17930407.0,15675222.0,19184637.0,20668411.0,18986981.0,19723422.0,20674904.0,16761619.0,13906293.0,12958488.0,11626398.0,11771252.0,12101903.0,12101903.0,5,2015,2015-05-01,204497919.0,216269170.0,228371073.0,240472977.0,2015-05-01
"6, 2015",16107795.0,17973321.0,16825489.0,16740395.0,15466792.0,16680428.0,21156868.0,14853538.0,15919373.0,15025136.0,13357002.0,13556228.0,14022342.0,14022342.0,13250561.0,6,2015,2015-06-01,193662365.0,207684707.0,221707049.0,234957610.0,2015-06-01
"7, 2015",16227600.0,17335100.0,17850877.0,17098305.0,17288313.0,20549425.0,19872033.0,15559899.0,13963642.0,12176446.0,12568628.0,13831426.0,13046706.0,12459956.0,13794020.0,7,2015,2015-07-01,194321694.0,207368400.0,219828356.0,233622376.0,2015-07-01
"8, 2015",17372060.0,18481425.0,17606283.0,17588805.0,20282862.0,20327837.0,15886881.0,15016496.0,13780498.0,13693145.0,14993827.0,14429787.0,14061125.0,15748758.0,14399205.0,8,2015,2015-08-01,199459905.0,213521031.0,229269789.0,243668994.0,2015-08-01
"9, 2015",14993396.0,16922457.0,16550605.0,20321731.0,23647711.0,22095034.0,20595696.0,20108152.0,18116883.0,21003930.0,20313418.0,19339553.0,21096731.0,19510413.0,18590618.0,9,2015,2015-09-01,234008565.0,255105296.0,274615710.0,293206328.0,2015-09-01
"10, 2015",12614863.0,16686532.0,19143443.0,18782500.0,21387992.0,21287784.0,22326169.0,18751019.0,18875390.0,19775821.0,23304277.0,23383791.0,20745367.0,18931114.0,18638494.0,10,2015,2015-10-01,236319581.0,257064948.0,275996062.0,294634557.0,2015-10-01
"11, 2015",14128907.0,20505157.0,19113135.0,23392735.0,21496680.0,21112861.0,18676474.0,20177137.0,20960858.0,24436791.0,25372135.0,25574369.0,23460325.0,21858825.0,20002012.0,11,2015,2015-11-01,254947239.0,278407564.0,300266390.0,320268402.0,2015-11-01
"12, 2015",16367500.0,13602184.0,20131881.0,21734010.0,24409798.0,22440321.0,21213328.0,21846992.0,24522210.0,24557040.0,24872804.0,22874390.0,22315670.0,20938892.0,21832940.0,12,2015,2015-12-01,258572457.0,280888127.0,301827018.0,323659959.0,2015-12-01
"1, 2016",13007579.0,18738413.0,19718538.0,21727609.0,24118577.0,23390457.0,24577332.0,26054961.0,27455928.0,26820695.0,24628221.0,24628221.0,22274173.0,22428801.0,18507321.0,1,2016,2016-01-01,274866531.0,297140704.0,319569505.0,338076826.0,2016-01-01
"2, 2016",14392266.0,22350440.0,24087001.0,24399982.0,23926854.0,25009310.0,30682270.0,30107209.0,29742669.0,27761219.0,27761219.0,25385565.0,27001023.0,25899656.0,26289723.0,2,2016,2016-02-01,305606002.0,332607025.0,358506681.0,384796404.0,2016-02-01
"3, 2016",22541246.0,25541463.0,27281096.0,26175825.0,28691749.0,31382551.0,30264327.0,27797046.0,27085088.0,26507540.0,24799320.0,25657808.0,23990672.0,23729868.0,18869085.0,3,2016,2016-03-01,323725058.0,347715730.0,371445598.0,390314683.0,2016-03-01
"4, 2016",22440117.0,29486218.0,31059523.0,32450552.0,32979524.0,33890206.0,28473321.0,26388734.0,25818769.0,23303426.0,24383157.0,22685568.0,23057057.0,19624173.0,16285755.0,4,2016,2016-04-01,333359114.0,356416171.0,376040344.0,392326099.0,2016-04-01
"5, 2016",21290901.0,31393224.0,35147626.0,34481497.0,35666935.0,31879438.0,26447453.0,25308745.0,22490922.0,23360276.0,20955960.0,21388487.0,21366319.0,18895003.0,14987300.0,5,2016,2016-05-01,329811463.0,351177782.0,370072785.0,385060085.0,2016-05-01
"6, 2016",24310716.0,34623081.0,33845750.0,36068077.0,33901008.0,28613625.0,24614565.0,22485929.0,24004597.0,23151771.0,22900923.0,23479938.0,19701889.0,15648031.0,13476337.0,6,2016,2016-06-01,331999979.0,351701868.0,367349899.0,380826235.0,2016-06-01
"7, 2016",26801467.0,26539335.0,32289232.0,32485032.0,28083724.0,28161147.0,27180237.0,27971194.0,26644086.0,26304274.0,23086737.0,19936228.0,16047508.0,14014083.0,11203699.0,7,2016,2016-07-01,325482695.0,341530202.0,355544285.0,366747984.0,2016-07-01
"8, 2016",23426000.0,30004788.0,30265148.0,32344562.0,31767671.0,29337232.0,27527532.0,29475601.0,30436852.0,27431704.0,22183057.0,18655605.0,16456587.0,14460247.0,13805892.0,8,2016,2016-08-01,332855750.0,349312337.0,363772584.0,377578476.0,2016-08-01
"9, 2016",30657932.0,31714107.0,35140685.0,36094221.0,35494304.0,30745964.0,32036706.0,33734150.0,30969914.0,25475738.0,25484731.0,22788642.0,19832250.0,18044183.0,15871144.0,9,2016,2016-09-01,370337093.0,390169343.0,408213526.0,424084670.0,2016-09-01
"10, 2016",28219399.0,30751182.0,30866360.0,28447024.0,29134428.0,27832401.0,27094278.0,27362802.0,24939630.0,24860196.0,22901020.0,20101205.0,18595450.0,21134401.0,14755708.0,10,2016,2016-10-01,322509925.0,341105376.0,362239777.0,376995485.0,2016-10-01
"11, 2016",23853037.0,26975066.0,27618173.0,33089706.0,34503811.0,30294032.0,29149060.0,27859465.0,29397617.0,27166993.0,24782489.0,20526123.0,18026055.0,15621981.0,11966019.0,11,2016,2016-11-01,335215574.0,353241629.0,368863610.0,380829629.0,2016-11-01
"12, 2016",27254730.0,28102857.0,34044748.0,36914615.0,35101202.0,34188487.0,33108167.0,30006640.0,28652499.0,27211318.0,22572555.0,20028742.0,17244966.0,15064843.0,14795955.0,12,2016,2016-12-01,357186560.0,374431526.0,389496369.0,404292324.0,2016-12-01
"1, 2017",22274414.0,28048214.0,31561028.0,33270720.0,30928664.0,31738017.0,28399956.0,29208483.0,29620042.0,26174552.0,22729368.0,19027068.0,15223051.0,13379395.0,12976607.0,1,2017,2017-01-01,332980526.0,348203577.0,361582972.0,374559579.0,2017-01-01
"2, 2017",27119354.0,29100907.0,31638030.0,30336624.0,32905012.0,31859773.0,30282779.0,30774019.0,29952340.0,25464139.0,21792690.0,18784407.0,17029082.0,15046967.0,8826639.0,2,2017,2017-02-01,340010074.0,357039156.0,372086122.0,380912762.0,2017-02-01
"3, 2017",27436903.0,30447274.0,32052586.0,33571265.0,33608012.0,30695463.0,31060245.0,31264736.0,26818492.0,24803901.0,20572137.0,17025489.0,15012234.0,8770648.0,7308566.0,3,2017,2017-03-01,339356502.0,354368736.0,363139384.0,370447949.0,2017-03-01
"4, 2017",29832795.0,29809992.0,31079181.0,31855988.0,30766253.0,30596003.0,30118493.0,26329145.0,23335999.0,18793836.0,17163737.0,15533710.0,8650755.0,7130220.0,7264113.0,4,2017,2017-04-01,315215131.0,323865886.0,330996107.0,338260220.0,2017-04-01
"5, 2017",23826945.0,27332793.0,29659786.0,27678638.0,27396463.0,27241657.0,26203272.0,23831700.0,20172479.0,18164368.0,16635374.0,10426829.0,8788287.0,8741751.0,7885401.0,5,2017,2017-05-01,278570305.0,287358592.0,296100343.0,303985744.0,2017-05-01
"6, 2017",23396545.0,28442826.0,27510063.0,28338794.0,27785120.0,28095977.0,25274596.0,19812443.0,20690584.0,18374754.0,11519290.0,9083092.0,9343335.0,8397060.0,8167342.0,6,2017,2017-06-01,268324082.0,277667417.0,286064477.0,294231818.0,2017-06-01
"7, 2017",25103381.0,27155935.0,29855459.0,26962787.0,26421442.0,24326401.0,20051493.0,19174336.0,18846461.0,12443471.0,10607929.0,10961441.0,10015166.0,8167116.0,7015409.0,7,2017,2017-07-01,251910537.0,261925702.0,270092819.0,277108228.0,2017-07-01
"8, 2017",21312799.0,23853243.0,23531879.0,24939562.0,24492638.0,20644659.0,22089250.0,19984375.0,14292499.0,12756362.0,12206787.0,10037680.0,8559274.0,7390200.0,7148351.0,8,2017,2017-08-01,230141731.0,238701005.0,246091205.0,253239556.0,2017-08-01
"9, 2017",20092690.0,20226790.0,22588353.0,22393857.0,19476316.0,21648224.0,20755395.0,14812048.0,15087821.0,15772526.0,13520998.0,11930110.0,9648886.0,9310974.0,9621403.0,9,2017,2017-09-01,218305129.0,227954015.0,237264989.0,246886392.0,2017-09-01
"10, 2017",19810240.0,20470593.0,21547557.0,19997115.0,22924580.0,25276669.0,19616717.0,18983324.0,19696121.0,18020261.0,15070865.0,14270677.0,13244827.0,13689863.0,13282397.0,10,2017,2017-10-01,235684720.0,248929546.0,262619409.0,275901806.0,2017-10-01
"11, 2017",21223103.0,21223103.0,17359805.0,20773003.0,19539406.0,16923439.0,15540087.0,16305128.0,18293372.0,18327798.0,18877397.0,14827649.0,15512480.0,12534085.0,11206138.0,11,2017,2017-11-01,219213288.0,234725769.0,247259854.0,258465992.0,2017-11-01
"12, 2017",19368810.0,18445391.0,19288582.0,19375203.0,18964228.0,16603882.0,17151757.0,20589747.0,19624942.0,20218007.0,16419491.0,17031666.0,12710179.0,11657317.0,10879909.0,12,2017,2017-12-01,223081705.0,235791884.0,247449201.0,258329110.0,2017-12-01
"1, 2018",17060078.0,17436868.0,16802307.0,19260292.0,16796888.0,18032805.0,19732215.0,19243093.0,19823900.0,19940544.0,20544572.0,17741004.0,15023401.0,14619470.0,11270483.0,1,2018,2018-01-01,222414565.0,237437966.0,252057436.0,263327919.0,2018-01-01
"2, 2018",16119919.0,15600009.0,17682123.0,18062192.0,17123774.0,20507459.0,19651670.0,20263030.0,18806155.0,18506155.0,18316355.0,15160698.0,13210497.0,11132187.0,11834864.0,2,2018,2018-02-01,215799541.0,229010039.0,240142225.0,251977089.0,2018-02-01
"3, 2018",11961259.0,13510552.0,13074694.0,15357653.0,15461274.0,18239133.0,19528878.0,18240489.0,17824419.0,16293187.0,13427270.0,12668372.0,11679739.0,12674552.0,12316486.0,3,2018,2018-03-01,185587179.0,197266918.0,209941470.0,222257956.0,2018-03-01
"4, 2018",11760023.0,11240946.0,15497510.0,16407471.0,18512006.0,21389438.0,21629063.0,20417221.0,16114238.0,13796636.0,13061566.0,12766528.0,12703296.0,12572126.0,14506659.0,4,2018,2018-04-01,192592646.0,205295941.0,217868067.0,232374726.0,2018-04-01
"5, 2018",9999614.0,11558045.0,18890172.0,20621128.0,21840719.0,22345287.0,20050246.0,16887674.0,14912124.0,14682128.0,16297476.0,13886799.0,13733156.0,15591134.0,12876068.0,5,2018,2018-05-01,201971413.0,215704569.0,231295703.0,244171771.0,2018-05-01
"6, 2018",14520915.0,18825465.0,18603281.0,19479189.0,20836594.0,20682054.0,16910191.0,14963860.0,15891550.0,15646279.0,15504364.0,15300666.0,15348677.0,12860711.0,8685136.0,6,2018,2018-06-01,207164409.0,222513086.0,235373797.0,244058933.0,2018-06-01
"7, 2018",15431239.0,16938966.0,18503199.0,20182099.0,20044760.0,18098447.0,14674838.0,21430293.0,22336374.0,21945284.0,21380930.0,19195932.0,16954232.0,13889750.0,12317419.0,7,2018,2018-07-01,230162362.0,247116594.0,261006345.0,273323763.0,2018-07-01
"8, 2018",17291998.0,18594783.0,17786908.0,23585580.0,20542452.0,19721556.0,22541049.0,20879840.0,20138402.0,19447286.0,14431707.0,14339630.0,14627798.0,14640806.0,13957700.0,8,2018,2018-08-01,229301192.0,243928990.0,258569796.0,272527496.0,2018-08-01
"9, 2018",16721124.0,19400191.0,24465605.0,20032327.0,17030813.0,20573981.0,20798522.0,20205482.0,19800016.0,17610250.0,17322456.0,18474406.0,14610812.0,14557156.0,11205303.0,9,2018,2018-09-01,232435174.0,247045986.0,261603143.0,272808445.0,2018-09-01
"10, 2018",15668611.0,21862696.0,22369106.0,19015378.0,23354853.0,22822951.0,22269692.0,20631351.0,17919620.0,17473838.0,18642598.0,14075165.0,14910906.0,11652788.0,8425443.0,10,2018,2018-10-01,236105859.0,251016765.0,262669553.0,271094996.0,2018-10-01
"11, 2018",20746481.0,18475898.0,18608235.0,20450502.0,21601947.0,20758271.0,16673683.0,15196288.0,15025863.0,14059075.0,12782354.0,13633596.0,11521739.0,8247900.0,7606748.0,11,2018,2018-11-01,208012190.0,219533930.0,227781829.0,235388578.0,2018-11-01
"12, 2018",13780161.0,12559512.0,19034723.0,20365966.0,21663470.0,20577647.0,17056418.0,15135757.0,12584347.0,9679675.0,9935864.0,11394834.0,10802601.0,10714480.0,9159353.0,12,2018,2018-12-01,183768374.0,194570974.0,205285454.0,214444807.0,2018-12-01
"1, 2019",10921700.0,16231836.0,17017781.0,19407893.0,20956140.0,18195456.0,15239518.0,14701335.0,9913068.0,9486066.0,10375095.0,11133995.0,10855995.0,9558589.0,6699434.0,1,2019,2019-01-01,173579884.0,184435879.0,193994468.0,200693903.0,2019-01-01
"2, 2019",14548863.0,15232966.0,21502798.0,24025209.0,21546035.0,19567422.0,16809915.0,13001243.0,11947125.0,12353769.0,10270687.0,9958996.0,8886024.0,5755497.0,5557640.0,2,2019,2019-02-01,190765029.0,199651053.0,205406549.0,210964190.0,2019-02-01
"3, 2019",14204128.0,21329075.0,23890697.0,22582508.0,21096221.0,18399171.0,13842660.0,12678180.0,12813859.0,11404555.0,10840742.0,9963045.0,7070792.0,6767430.0,6837591.0,3,2019,2019-03-01,193044840.0,200115632.0,206883062.0,213720653.0,2019-03-01
"4, 2019",15869187.0,20593517.0,22810012.0,22100927.0,18375681.0,18677537.0,15056280.0,14464892.0,11485203.0,10399642.0,15907248.0,12824092.0,12041443.0,14803745.0,7186831.0,4,2019,2019-04-01,198564218.0,210605662.0,225409406.0,232596237.0,2019-04-01
"5, 2019",19423656.0,20932893.0,23820677.0,19857743.0,19608136.0,15978968.0,15200783.0,11305549.0,10310394.0,14510944.0,11678976.0,10831432.0,12888070.0,7214912.0,6379155.0,5,2019,2019-05-01,193460151.0,206348221.0,213563133.0,219942288.0,2019-05-01
"6, 2019",19951864.0,21886607.0,21781434.0,20249244.0,16256126.0,17301979.0,12475384.0,10979192.0,14800984.0,10972897.0,10871039.0,13196032.0,7407430.0,6582881.0,6407431.0,6,2019,2019-06-01,190722784.0,198130214.0,204713094.0,211120525.0,2019-06-01
"7, 2019",18514677.0,20816222.0,23030653.0,17481521.0,17539234.0,17164374.0,12669287.0,16123607.0,12378684.0,12350050.0,13322465.0,8136878.0,6931371.0,6744204.0,7065934.0,7,2019,2019-07-01,189527653.0,196459024.0,203203227.0,210269161.0,2019-07-01
"8, 2019",16645685.0,21904485.0,20680647.0,20670222.0,17457513.0,15061226.0,17787073.0,14253358.0,14086943.0,17066468.0,11821828.0,10508817.0,10198108.0,10794916.0,11451320.0,8,2019,2019-08-01,197944264.0,208142372.0,218937288.0,230388608.0,2019-08-01
"9, 2019",20101176.0,22192134.0,23717748.0,20178805.0,16674491.0,20582688.0,17728860.0,20566063.0,23054020.0,17749024.0,23232200.0,22593109.0,23521612.0,23848925.0,18762691.0,9,2019,2019-09-01,248370317.0,271891929.0,295740854.0,314503544.0,2019-09-01
"10, 2019",21083480.0,22204073.0,16920794.0,15401201.0,19671673.0,21280490.0,24715156.0,24920299.0,19559351.0,25071912.0,23147289.0,23754617.0,24083021.0,22355178.0,21666731.0,10,2019,2019-10-01,257730337.0,281813358.0,304168536.0,325835267.0,2019-10-01
"11, 2019",22128639.0,16899280.0,15893803.0,21045629.0,21840497.0,26666403.0,29949866.0,26734972.0,32348042.0,27802432.0,28569703.0,28689303.0,26645598.0,27053255.0,24187465.0,11,2019,2019-11-01,298568569.0,325214167.0,352267422.0,376454887.0,2019-11-01
"12, 2019",15443504.0,16951227.0,18926317.0,20788263.0,25099711.0,27180313.0,25874434.0,30652512.0,26984175.0,27008632.0,24837438.0,24584936.0,23325597.0,20998528.0,22009045.0,12,2019,2019-12-01,284331465.0,307657062.0,328655590.0,350664635.0,2019-12-01
"1, 2020",15234020.0,17224160.0,20378240.0,26157731.0,23228246.0,27390690.0,30750168.0,28460707.0,29151051.0,25827830.0,24485344.0,23463498.0,21842539.0,22757966.0,23407625.0,1,2020,2020-01-01,291751684.0,313594224.0,336352189.0,359759814.0,2020-01-01
"2, 2020",13965173.0,16645208.0,26516527.0,25720359.0,30319164.0,31671957.0,31341141.0,30771220.0,27112798.0,25805015.0,24729715.0,22980398.0,24024895.0,25191687.0,23591305.0,2,2020,2020-02-01,307578674.0,331603569.0,356795256.0,380386561.0,2020-02-01
"3, 2020",14584349.0,22258971.0,24667036.0,31711238.0,36376655.0,35796979.0,34679696.0,33236524.0,32474861.0,29807646.0,27564701.0,28440989.0,29143960.0,28444448.0,28020488.0,3,2020,2020-03-01,351599646.0,380743605.0,409188053.0,437208541.0,2020-03-01
"4, 2020",19902646.0,21649909.0,30716666.0,36455458.0,35827011.0,35140246.0,31742947.0,31569503.0,29757614.0,27495461.0,29783044.0,30853123.0,30836714.0,29976058.0,23767222.0,4,2020,2020-04-01,360893629.0,391730343.0,421706401.0,445473623.0,2020-04-01
"6, 2020",26755235.0,38617171.0,40223906.0,41254804.0,39244358.0,39198688.0,35908576.0,31647529.0,34045803.0,33537148.0,34591936.0,29182583.0,26677440.0,23060190.0,21574873.0,6,2020,2020-06-01,424207738.0,450885178.0,473945368.0,495520241.0,2020-06-01
"7, 2020",28989736.0,34890374.0,39037281.0,41132319.0,43695091.0,41351871.0,36518361.0,39276411.0,36841103.0,39148073.0,37853387.0,36367996.0,30675029.0,23238171.0,22304642.0,7,2020,2020-07-01,455102003.0,485777032.0,509015203.0,531319845.0,2020-07-01
"8, 2020",28989315.0,39855393.0,39801932.0,43478152.0,43768620.0,37430498.0,42224129.0,39435081.0,41120070.0,41353440.0,36226507.0,26300961.0,24555965.0,23608431.0,22366291.0,8,2020,2020-08-01,459984097.0,484540062.0,508148493.0,530514785.0,2020-08-01
"9, 2020",36461934.0,41595769.0,47138070.0,48770726.0,41228884.0,47226149.0,48835908.0,42159369.0,44048679.0,40759082.0,31989261.0,28838287.0,28111212.0,25975126.0,23655766.0,9,2020,2020-09-01,499052118.0,527163330.0,553138456.0,576794222.0,2020-09-01
"10, 2020",38322579.0,46505418.0,47021172.0,41673623.0,48466846.0,48353437.0,46870119.0,46336424.0,41918684.0,36900247.0,36183891.0,27398332.0,21359804.0,21807362.0,21531289.0,10,2020,2020-10-01,505950773.0,527310577.0,549117939.0,570649228.0,2020-10-01
"11, 2020",46793103.0,48612683.0,43580517.0,51072956.0,50458536.0,50686053.0,49981339.0,43777528.0,38870173.0,26360761.0,24478932.0,22353573.0,22493881.0,22086943.0,17840818.0,11,2020,2020-11-01,497026152.0,519520034.0,541606976.0,559447794.0,2020-11-01
"12, 2020",48105209.0,43190859.0,50647072.0,50557610.0,50707719.0,49756999.0,49006145.0,41967049.0,28456895.0,26970674.0,23324230.0,23119204.0,22618020.0,18210153.0,18891154.0,12,2020,2020-12-01,485809661.0,508427681.0,526637834.0,545528988.0,2020-12-01
"1, 2021",42259417.0,51234432.0,51981624.0,51799662.0,50274648.0,49124057.0,39661006.0,28148449.0,30472477.0,27816051.0,26731709.0,26391792.0,20784679.0,21411767.0,20434898.0,1,2021,2021-01-01,475895325.0,496680003.0,518091770.0,538526668.0,2021-01-01
"2, 2021",45668658.0,47231333.0,46950855.0,47975869.0,44747090.0,40078161.0,27316518.0,30433791.0,27501144.0,28768301.0,27143234.0,20813543.0,20601350.0,19595182.0,20167572.0,2,2021,2021-02-01,434628500.0,455229849.0,474825031.0,494992603.0,2021-02-01
"3, 2021",43169721.0,45712262.0,48027541.0,47508284.0,41700261.0,31147843.0,32229753.0,28618916.0,29322677.0,27196979.0,20736610.0,20620149.0,19555277.0,20186371.0,18149814.0,3,2021,2021-03-01,415990996.0,435546273.0,455732644.0,473882458.0,2021-03-01
"4, 2021",40858275.0,44693297.0,45465589.0,40763267.0,32707634.0,36184081.0,32340121.0,29761389.0,29079865.0,23197514.0,22989822.0,21378290.0,22055023.0,19420191.0,15387960.0,4,2021,2021-04-01,399419143.0,421474166.0,440894357.0,456282317.0,2021-04-01
"5, 2021",41454792.0,44377792.0,44357013.0,39107624.0,40154317.0,36696440.0,39248306.0,33784520.0,29853125.0,26594735.0,25767397.0,26050486.0,22186467.0,18140998.0,13437403.0,5,2021,2021-05-01,427446548.0,449633015.0,467774013.0,481211416.0,2021-05-01
"6, 2021",41148806.0,43945860.0,39029022.0,43307400.0,38039289.0,40190583.0,37899067.0,31038547.0,30831744.0,29483100.0,28192361.0,24853798.0,24966536.0,17013507.0,17034587.0,6,2021,2021-06-01,427959577.0,452926114.0,469939621.0,486974207.0,2021-06-01
"7, 2021",39046063.0,39784131.0,45537099.0,42270776.0,47270476.0,40564413.0,38667090.0,31802272.0,31431331.0,30816265.0,25084384.0,25377416.0,20903628.0,17193233.0,13014737.0,7,2021,2021-07-01,437651716.0,458555344.0,475748577.0,488763314.0,2021-07-01
"8, 2021",37629979.0,43338693.0,43187079.0,49327457.0,41168565.0,35430591.0,35782242.0,34910861.0,34471200.0,28536771.0,28951657.0,23736096.0,19538966.0,15478865.0,14882024.0,8,2021,2021-08-01,436471193.0,456010159.0,471489024.0,486371047.0,2021-08-01
"9, 2021",41312399.0,43849219.0,50149510.0,40842862.0,35208007.0,36489971.0,42593781.0,37564157.0,32786802.0,33313712.0,27172234.0,23104352.0,19868207.0,19045597.0,16902182.0,9,2021,2021-09-01,444387006.0,464255213.0,483300810.0,500202992.0,2021-09-01
"10, 2021",37936589.0,46458937.0,43436738.0,37386759.0,40646957.0,46980368.0,47802883.0,35013394.0,33228247.0,27199740.0,23065592.0,19770125.0,17414557.0,16984290.0,16405997.0,10,2021,2021-10-01,438926329.0,456340886.0,473325177.0,489731173.0,2021-10-01
"11, 2021",41818382.0,41152630.0,37396733.0,42155634.0,44798764.0,47013291.0,41545834.0,35569541.0,30867213.0,26471812.0,23961526.0,21195053.0,17946265.0,17321730.0,15869408.0,11,2021,2021-11-01,433946415.0,451892680.0,469214410.0,485083819.0,2021-11-01
"12, 2021",33555162.0,34365792.0,42231923.0,47058987.0,50449620.0,44695619.0,45163417.0,39579860.0,32394153.0,32241075.0,27986277.0,24194808.0,24060169.0,19540941.0,20637572.0,12,2021,2021-12-01,453916693.0,477976862.0,497517803.0,518155375.0,2021-12-01
"1, 2022",31090624.0,41379320.0,54927683.0,57842709.0,53343141.0,54134950.0,49219647.0,43593001.0,45236568.0,40647889.0,33966637.0,30501640.0,26015963.0,26102954.0,25073201.0,1,2022,2022-01-01,535883809.0,561899772.0,588002726.0,613075927.0,2022-01-01
"2, 2022",38868592.0,49945253.0,55755293.0,53585368.0,54217386.0,53344601.0,48714668.0,45956486.0,40829184.0,33878546.0,30595699.0,26552623.0,26979689.0,26128250.0,26682934.0,2,2022,2022-02-01,532243698.0,559223387.0,585351637.0,612034571.0,2022-02-01
"3, 2022",42280350.0,49290127.0,50923741.0,52856775.0,54304722.0,54069273.0,55461981.0,49804720.0,37069496.0,32475821.0,25599608.0,24001910.0,23121772.0,23733304.0,17214354.0,3,2022,2022-03-01,528138525.0,551260297.0,574993602.0,592207956.0,2022-03-01
"4, 2022",43408624.0,48886421.0,52185142.0,52729318.0,59525139.0,62104085.0,59693268.0,53866309.0,40079449.0,34287673.0,34669658.0,33668392.0,34618702.0,30337838.0,28471751.0,4,2022,2022-04-01,575103478.0,609722180.0,640060018.0,668531768.0,2022-04-01
"5, 2022",35010149.0,40878805.0,48243810.0,59145444.0,61565190.0,62987983.0,56815588.0,49882658.0,51094065.0,54063648.0,46706021.0,47010461.0,44491087.0,42464299.0,40571625.0,5,2022,2022-05-01,613403822.0,657894909.0,700359208.0,740930833.0,2022-05-01
"6, 2022",39559921.0,46461235.0,57064628.0,62954385.0,64793982.0,59743005.0,55382122.0,56064750.0,57739367.0,56887169.0,50886393.0,48247974.0,49021532.0,44508214.0,38556382.0,6,2022,2022-06-01,655784929.0,704806462.0,749314676.0,787871058.0,2022-06-01
"7, 2022",34255666.0,44835712.0,53059809.0,57324623.0,58102814.0,55397732.0,56726633.0,57346422.0,58022317.0,57600033.0,48065693.0,51289284.0,46662364.0,44992891.0,42038385.0,7,2022,2022-07-01,632026738.0,678689102.0,723681993.0,765720378.0,2022-07-01
"8, 2022",34477524.0,49274348.0,63657048.0,68350975.0,62031398.0,58786189.0,57875041.0,59639829.0,59918516.0,59559429.0,49431125.0,52700223.0,47717008.0,45024516.0,42071050.0,8,2022,2022-08-01,539249549.0,591949772.0,639666781.0,684691297.0,2022-08-01
"9, 2022",46815434.0,50279888.0,58242724.0,60605238.0,59692015.0,64164246.0,64122448.0,63913680.0,59528975.0,62838973.0,62179941.0,53640119.0,47080338.0,46741373.0,40514456.0,9,2022,2022-09-01,706023682.0,753104019.0,799845392.0,840359849.0,2022-09-01
"10, 2022",46964350.0,53594852.0,55729519.0,56929248.0,65976211.0,67406710.0,70264688.0,61430578.0,62809969.0,63164758.0,59317935.0,53293693.0,44202368.0,42407990.0,42407990.0,10,2022,2022-10-01,716882513.0,761084882.0,803492872.0,845900862.0,2022-10-01
"11, 2022",51164878.0,51394878.0,53791316.0,65189214.0,68573744.0,71754682.0,66321934.0,67323728.0,68059471.0,63475228.0,57496569.0,45982429.0,40001574.0,38659366.0,20187508.0,11,2022,2022-11-01,730528072.0,770529646.0,809189012.0,829376520.0,2022-11-01
"12, 2022",50349182.0,50579182.0,53054559.0,64373517.0,67784358.0,70938986.0,65532548.0,66508032.0,67243775.0,62685842.0,56680873.0,45193043.0,40001574.0,38659366.0,20187508.0,12,2022,2022-12-01,720923896.0,760925470.0,799584837.0,819772344.0,2022-12-01
"1, 2023",53715348.0,64303442.0,67282979.0,72280680.0,67739031.0,69396522.0,69015292.0,65357289.0,58820378.0,44793481.0,41475569.0,41138483.0,25317526.0,19445038.0,17671517.0,1,2023,2023-01-01,715318493.0,740636019.0,760081057.0,777752574.0,2023-01-01
"2, 2023",47649061.0,55411483.0,56365848.0,63243262.0,61088828.0,64739015.0,66240436.0,62900425.0,62039085.0,44404570.0,40182864.0,39396261.0,24668082.0,19273025.0,17018184.0,2,2023,2023-02-01,663661137.0,688329219.0,707602244.0,724620428.0,2023-02-01
"3, 2023",54379394.0,56927098.0,62855360.0,61635345.0,65112642.0,65185837.0,65165478.0,66278247.0,42597387.0,42924638.0,45154558.0,25255175.0,20505408.0,18129720.0,15823030.0,3,2023,2023-03-01,653471159.0,673976567.0,692106287.0,707929317.0,2023-03-01
"4, 2023",49974641.0,57028865.0,56463998.0,60977201.0,63913217.0,62014732.0,63395121.0,48079385.0,48643726.0,51601385.0,31139750.0,27831814.0,23302393.0,21387498.0,17387351.0,4,2023,2023-04-01,621063837.0,644366230.0,665753727.0,683141079.0,2023-04-01
"5, 2023",56192562.0,58644243.0,64126790.0,66970953.0,65390591.0,67615700.0,52577767.0,52899042.0,56110682.0,34351239.0,37953099.0,26482900.0,24730147.0,19830885.0,20350035.0,5,2023,2023-05-01,639315570.0,664045718.0,683876603.0,704226637.0,2023-05-01
"6, 2023",55019043.0,61154669.0,68340696.0,67858965.0,67525493.0,53586880.0,51494241.0,55556774.0,37435506.0,37065615.0,32675981.0,30751340.0,25273594.0,20389854.0,20389854.0,6,2023,2023-06-01,618465203.0,643738797.0,664128651.0,684518505.0,2023-06-01
"7, 2023",44830969.0,50961716.0,56068562.0,62203418.0,54882331.0,55242884.0,58007071.0,44166365.0,42733092.0,35909422.0,33481732.0,27906356.0,28727960.0,26954360.0,23795440.0,7,2023,2023-07-01,566393917.0,595121877.0,622076237.0,645871677.0,2023-07-01
"8, 2023",49166698.0,57869802.0,63785822.0,58824822.0,59692032.0,64110567.0,57911829.0,47412568.0,41545911.0,39203498.0,32898494.0,33800254.0,32783861.0,30373963.0,29967789.0,8,2023,2023-08-01,606222297.0,639006158.0,669380121.0,699347910.0,2023-08-01
"9, 2023",41858238.05,48779655.59,52586589.54,54199728.05,53631990.9,51835510.86,52508208.93,50155262.03,44577962.53,42149582.41,40435857.41,38990485.4,29745151.47,26540638.51,24674902.8,9,2023,2023-09-01,571709072.0,601454223.0,627994862.0,652669765.0,2023-09-01
"10, 2023",50180939.51,45442561.81,51047087.15,52159194.29,51581065.59,47740017.41,39946549.09,38232824.09,33825631.39,30208748.98,22262849.37,19933638.03,24344452.0,22473333.18,16355627.0,10,2023,2023-10-01,482561107.0,506905559.0,529378892.0,545734519.0,2023-10-01
"11, 2023",51086089.7,44964144.45,52804680.88,54243993.82,54018804.57,46867491.57,38051069.42,38051069.42,34917125.06,27815284.77,24905812.33,19267250.12,23818814.18,21856582.87,17599729.18,11,2023,2023-11-01,486992816.0,510811630.0,532668213.0,550267942.0,2023-11-01
"12, 2023",36746028.86,40518151.53,51328604.9,46403839.51,47882190.21,43058061.78,40673432.32,39199058.0,36292340.19,35151194.7,34154644.47,27392836.09,23957668.63,21912640.78,17225071.13,12,2023,2023-12-01,478800383.0,502758051.0,524670692.0,541895763.0,2023-12-01
"1, 2024",35252571.85,47905008.38,47750188.44,53398560.39,47220826.77,45539136.42,43026268.96,40156816.92,40991880.7,38321812.77,33897551.81,27177441.1,23570842.42,19478137.63,18985341.55,1,2024,2024-01-01,500638064.0,524208907.0,543687045.0,562672386.0,2024-01-01
"2, 2024",37706173.54,44681736.06,52324801.99,50386543.94,47943983.58,46909778.55,43747934.78,46197996.3,44346063.05,38836599.55,36718222.2,29315204.23,26177832.13,24630864.51,23026580.18,2,2024,2024-02-01,519115038.0,545292870.0,569923734.0,592950315.0,2024-02-01
"3, 2024",48628901.79,55827536.58,51455154.68,52781536.7,53237825.72,49706037.48,52669076.55,50746703.32,44921180.03,42665170.99,33737913.21,25898666.86,25249477.92,22394406.31,15014519.45,3,2024,2024-03-01,562275704.0,587525182.0,609919588.0,624934108.0,2024-03-01
"4, 2024",38795312.51,48919531.48,57423787.27,52536629.82,61781583.06,62788730.49,59304144.51,58180144.63,49350054.48,39458576.69,38379892.59,33930848.54,29491402.36,19416771.93,19781280.22,4,2024,2024-04-01,600849236.0,630340638.0,649757410.0,669538691.0,2024-04-01
"5, 2024",38571913.98,55138344.19,56221565.62,59124155.66,60288051.69,63429247.56,58662223.84,54652963.43,44492002.01,48079901.18,40747367.51,38192634.3,21289673.59,21686289.09,20901633.21,5,2024,2024-05-01,617600371.0,638890045.0,660576334.0,681477967.0,2024-05-01
"6, 2024",39326706.77,50089123.17,57028011.96,57772234.85,62749887.73,59051607.05,56186494.85,50014722.9,50218843.33,43232724.95,40907720.12,33464073.76,29081909.17,28085953.48,27013879.99,6,2024,2024-06-01,600042151.0,629124061.0,657210014.0,684223894.0,2024-06-01
"7, 2024",41973050.93,52901233.88,59679791.54,65246491.28,64700803.21,64833361.57,55498513.82,57262877.09,51668076.63,47128711.17,39779290.32,40929632.82,35617434.24,33357992.31,34022759.59,7,2024,2024-07-01,641601834.0,677219269.0,710577261.0,744600020.0,2024-07-01
"8, 2024",51537340.32,54768835.13,73258971.67,71106025.41,73133523.55,56744802.96,63517541.02,59644661.72,53055293.02,44551020.57,43238076.53,43402840.98,36517053.71,37644569.62,25977086.75,8,2024,2024-08-01,687958933.0,724475987.0,762120556.0,788097643.0,2024-08-01
"9, 2024",54042884.3,57463747.18,54305711.86,58153781.52,59176395.76,72672467.22,57478410.59,52622263.23,56271943.12,49353956.95,49353956.95,47430556.33,43595761.31,33199023.97,33953949.58,9,2024,2024-09-01,668326075.0,711921836.3,745120860.3,779074809.9,2024-09-01
"10, 2024",51951693.3,56297316.1,60803596.54,62076417.27,71379530.06,54997728.8,53612099.03,52567381.3,46745846.41,52989687.21,48765183.91,53523074.19,33542832.59,33137735.65,32949415.65,10,2024,2024-10-01,665709554.1,699252386.7,732390122.4,765339538.0,2024-10-01
"11, 2024",56785863.08,61292143.51,62517685.2,71868077.03,55470516.09,54100646.01,53040168.59,47234393.38,53478234.18,49237971.21,54484408.46,33542832.59,33137735.65,32949415.65,25568977.41,11,2024,2024-11-01,653052939.3,686190675.0,719140090.6,744709068.0,2024-11-01
"12, 2024",67434039.1588617,56929415.4368406,69042828.46269844,68758210.41302295,72497307.14956713,59139892.84437896,54937327.07417935,64778600.61181633,60757815.35040806,55252764.801753886,45256401.93188496,46006778.10328101,44241503.10328101,40069193.54809488,36262727.97781161,12,2024,2024-12-01,720791381.3386934,765032884.4419744,805102077.9900693,841364805.9678808,2024-12-01
