,next12,next15,date,backlog,rollingBacklog,constRevenue,rollingRevenue,constNW,rollingNW,_6MoConst,_12MoConst,revenueBudget,month,year,monthSum12,monthSum15,Match,CPI,GDP,Prime Rate,Annual Projections
0,271333906.0,327604314.0,2000-11-01,176993801.0,105419477.5,15788523.0,143846523.0,10755276.0,216502666.0,3603002.0,8551897.0,,11,2000,252753449.0,264265952.0,112000,174.1,10.44,0.09,327658302.0
1,280815683.0,329620749.0,2000-12-01,166875875.0,111587780.91666667,13799120.0,140401804.0,3681193.0,214421453.0,4143859.0,7908255.0,,12,2000,242758908.0,242758908.0,122000,174.0,10.44,0.09,327481951.45536405
2,279815368.0,327867934.0,2001-01-01,160567140.0,118103232.75,18255291.0,137595730.0,11946553.0,215716656.0,4620499.0,8135045.0,,1,2001,267217220.0,291590443.0,12001,175.1,10.45,0.09,319326614.2030742
3,277866235.0,326928923.08,2001-02-01,170449545.0,124683286.83333333,17683668.0,145380065.0,27566073.0,224340716.0,5065632.0,8326207.0,,2,2001,249154165.0,267447774.0,22001,175.8,10.46,0.085,333354380.4541197
4,266024413.0,314522166.08,2001-03-01,173066517.0,133417687.08333333,27657377.0,148810172.0,30274348.0,253622962.0,5328019.0,9192334.0,,3,2001,253522795.0,278005224.0,32001,176.2,10.47,0.08,323718526.72123146
5,256073414.0,303118094.08,2001-04-01,166490593.0,143439731.41666666,26453475.0,163011421.0,19877550.0,283275948.0,6101124.0,9765099.0,,4,2001,244629916.0,264011986.0,42001,176.9,10.513333333333334,0.075,251741055.33877945
6,247701894.08,297192086.08,2001-05-01,199224202.0,149081603.91666666,25116177.0,179080800.0,57849784.0,246783265.0,6902504.0,10505506.0,,5,2001,223618647.0,242784272.0,52001,177.7,10.556666666666667,0.07,285704172.644577
7,240173478.08,292236158.08,2001-06-01,181406141.0,157121899.08333334,22779036.0,194146620.0,4960976.0,290630154.0,6979253.0,11123112.0,,6,2001,227255718.0,246158828.0,62001,178.0,10.6,0.0675,281562759.2274461
8,226634292.08,282176480.08,2001-07-01,165319171.0,163931978.41666666,28588589.0,207436920.0,12501619.0,289157872.0,7624144.0,12244643.0,,7,2001,210927750.0,221931855.0,72001,177.5,10.6,0.06625,290870177.9386792
9,220414203.07999998,278106838.08,2001-08-01,153171360.0,168480305.75,25410258.0,229059559.0,13262447.0,283639486.0,7891033.0,12956665.0,,8,2001,223362807.0,237337400.0,82001,177.5,10.6,0.065,287137486.98488855
10,216154764.07999998,275077817.08,2001-09-01,147214794.0,170858739.75,22082547.0,245811717.0,16125981.0,274352922.0,7940425.0,13268444.0,,9,2001,235851950.0,247218530.0,92001,178.3,10.6,0.06,283723755.813107
11,214423277.07999998,266741980.07999998,2001-10-01,139732317.0,170233849.0,20260398.0,254906765.0,12777921.0,247408070.0,7772707.0,13873831.0,,10,2001,202426539.0,216083336.0,102001,177.7,10.62,0.055,276746007.2444644
12,212515923.07999998,254784930.07999998,2001-11-01,123621792.0,166709288.0,23247970.0,263874459.0,7137446.0,221579721.0,7848429.0,14750933.0,,11,2001,194208996.0,201902507.0,112001,177.4,10.64,0.05,266850479.04319
13,208288552.07999998,243494561.07999998,2001-12-01,113305533.0,162261620.58333334,23280897.0,271333906.0,12964637.0,217961891.0,8322831.0,15302084.0,,12,2001,186777362.0,186777362.0,122001,176.7,10.66,0.0475,252715803.15131855
14,202958137.07999998,235105129.07999998,2002-01-01,98285808.0,157797425.41666666,17254976.0,280815683.0,2235251.0,227245335.0,7711101.0,15335245.0,18594000.0,1,2002,179915469.0,193163554.0,12002,177.1,10.7,0.04704545454545454,234190444.17162943
15,198514522.07999998,227232266.07999998,2002-02-01,94619836.0,152607314.41666666,15734535.0,279815368.0,12068564.0,217534033.0,7449234.0,15340267.0,18594000.0,2,2002,180713480.0,189501621.0,22002,177.8,10.74,0.04659090909090909,221702195.0851817
16,194689495.07999998,220030574.07999998,2002-03-01,96338315.0,146288172.0,15815555.0,277866235.0,17534033.0,202036524.0,6673785.0,14614210.0,18594000.0,3,2002,160946051.0,170408545.0,32002,178.8,10.78,0.046136363636363635,211083217.34578753
17,187052563.07999998,212876357.07999998,2002-04-01,82845669.0,139894155.16666666,16502476.0,266024413.0,3009831.0,189296209.0,6438710.0,14211417.0,18594000.0,4,2002,155091846.0,163480606.0,42002,179.8,10.816666666666666,0.045681818181818185,203033794.29828358
18,178169578.0,208287049.0,2002-05-01,69166119.0,132923744.83333333,16744657.08,256073414.0,3065107.0,172428490.0,5256909.0,13105338.0,18594000.0,5,2002,176914063.0,184973942.0,52002,179.8,10.853333333333333,0.04522727272727273,194758531.0147581
19,171532821.0,205640923.76,2002-06-01,102429730.0,122085571.25,15250620.0,247701894.08,48514231.0,117643813.0,4043266.0,12366097.0,18594000.0,6,2002,172790270.0,180696683.0,62002,179.9,10.89,0.04477272727272728,190409843.35791922
20,165831677.0,203658860.61999997,2002-07-01,118090897.0,115504203.66666667,15049403.0,240173478.08,30710570.0,161197068.0,3716833.0,11427934.0,13909000.0,7,2002,158702447.0,163484117.0,72002,180.1,10.92,0.04431818181818182,184912210.44362545
21,158796857.0,195820344.62,2002-08-01,114281407.21,111568514.16666667,19190169.0,226634292.08,15380680.0,179406019.0,3539018.0,10988252.0,13909000.0,8,2002,144943439.0,152160348.0,82002,180.7,10.950000000000001,0.04386363636363637,179728098.6185212
22,153578243.76,189741897.62,2002-09-01,97944894.0,108327684.7675,17823108.0,220414203.07999998,1486594.0,181524252.0,3593849.0,10267634.0,13909000.0,9,2002,140615888.0,151968717.0,92002,181.0,10.98,0.04340909090909091,177540063.13222098
23,148116672.61999997,179196563.62,2002-10-01,84612438.0,104221859.7675,18528911.0,216154764.07999998,5196455.0,166884865.0,3631181.0,10069891.0,13909000.0,10,2002,128219305.0,136465363.0,102002,181.3,11.006666666666668,0.04295454545454546,169019147.2306409
24,138127709.62,167775890.62,2002-11-01,84220085.0,99628536.5175,21340616.0,214423277.07999998,20948262.0,159303399.0,4698280.0,9955189.0,13909000.0,11,2002,120283543.0,125070589.0,112002,181.3,11.033333333333333,0.0425,161947514.40775275
25,130818844.62,160488569.8,2002-12-01,68049072.77,96345060.93416667,19053526.0,212515923.07999998,2882515.0,173114215.0,5470398.0,9513664.0,13865242.0,12,2002,106497071.0,106497071.0,122002,180.9,11.06,0.04214285714285715,151795394.53186536
26,126877860.62,158495601.8,2003-01-01,60812909.0,92573689.24833333,11924561.0,208288552.07999998,4688397.0,163032093.0,5615434.0,9332267.0,13868500.0,1,2003,102874865.0,114871344.0,12003,181.7,11.096666666666668,0.04178571428571429,150141695.3006673
27,125506883.62,156913903.9,2003-02-01,54884772.0,89450947.665,11290920.0,202958137.07999998,5362783.0,165485239.0,5581119.0,9120137.0,13866500.0,2,2003,94060412.0,103962288.0,22003,183.1,11.133333333333333,0.04142857142857143,138623756.32041693
28,125282560.8,156297429.60999998,2003-03-01,43478382.0,86139692.33166666,11990528.0,198514522.07999998,584138.0,158779458.0,5334633.0,8928482.0,13866500.0,3,2003,86854450.0,93944635.0,32003,184.2,11.17,0.04107142857142857,130858351.67829013
29,126348609.8,158060521.63000003,2003-04-01,70641887.0,81734697.915,8865544.0,194689495.07999998,36029049.0,141829563.0,5079305.0,8710486.0,13866500.0,4,2003,116620361.0,127920196.0,42003,183.8,11.216666666666667,0.04071428571428572,140927255.08942938
30,128196159.9,161647692.63,2003-05-01,79625619.0,80717716.08166666,7861672.0,187052563.07999998,16845404.0,174848781.0,4244556.0,8942836.0,13866500.0,5,2003,132865682.0,143912656.0,52003,183.5,11.263333333333334,0.040357142857142855,148222116.6887827
31,130956350.61,165690410.63,2003-06-01,82409841.0,81589341.08166666,8613863.0,178169578.0,11398084.0,188629078.0,3551364.0,9021762.0,13866500.0,6,2003,138890727.0,150597069.0,62003,183.7,11.31,0.04,153249238.53610158
32,132236727.63,168918128.63,2003-07-01,86576562.0,79921016.99833333,9348259.0,171532821.0,13514981.0,151512931.0,3299830.0,8915264.0,13866500.0,7,2003,124387820.0,139227549.0,72003,183.9,11.396666666666667,0.040192307692307694,144091813.58760858
33,131530221.63,167956232.63,2003-08-01,77325019.0,77294822.415,12155349.0,165831677.0,2903806.0,134317342.0,3100241.0,8681360.0,13866500.0,8,2003,128957602.0,144434246.0,82003,184.6,11.483333333333334,0.04038461538461539,150277814.7450359
34,131582307.86999999,170402151.03,2003-09-01,71420568.0,74215123.3975,12604494.76,158796857.0,6700043.0,121840468.0,3128805.0,8463438.0,13866500.0,9,2003,133219819.0,148377386.0,92003,185.2,11.57,0.04057692307692308,154178869.00768888
35,131090945.00999999,168589702.17000002,2003-10-01,80902500.0,72004762.8975,13067339.86,153578243.76,22549272.0,127053917.0,3320866.0,8400171.0,13866500.0,10,2003,134624722.0,142938779.0,102003,185.0,11.636666666666667,0.04076923076923077,155155105.26662576
36,130932745.00999999,171655016.17000002,2003-11-01,81672745.0,71695601.3975,11351653.0,148116672.61999997,12121898.0,144406734.0,3414008.0,7658564.0,13866500.0,11,2003,130361891.0,135328774.0,112003,184.5,11.703333333333333,0.040961538461538466,155432922.47176313
37,134238497.17,175171735.17000002,2003-12-01,80432608.0,71483323.06416667,11744661.0,138127709.62,10504525.0,135580370.0,4002903.0,7554267.0,13866500.0,12,2003,130356796.0,130356796.0,122003,184.3,11.77,0.04115384615384616,158387386.73647392
38,137509811.17,188302056.17000002,2004-01-01,86558001.0,72515284.33333333,7983577.0,130818844.62,14108970.0,143202380.0,3995859.0,7295689.0,15071000.0,1,2004,133898026.0,151291955.0,12004,185.2,11.82,0.041346153846153845,174189863.7674514
39,142006835.17,201155969.88,2004-02-01,79383701.0,74660708.66666667,9919943.0,126877860.62,2745643.0,152622953.0,4008981.0,7109222.0,15071000.0,2,2004,142057097.0,162053188.0,22004,186.2,11.87,0.04153846153846154,179656509.54366803
40,145502009.99,215057126.72,2004-03-01,73729175.0,76702286.08333333,11766205.18,125506883.62,6111679.0,150005813.0,4240242.0,7369047.0,15071000.0,3,2004,179632741.0,207923595.0,32004,187.4,11.92,0.04173076923076923,214162609.4961443
41,156684314.99,231672096.62,2004-04-01,75054116.0,79223185.5,9931593.0,125282560.8,11256534.0,155533354.0,4066811.0,7387677.0,15071000.0,4,2004,176607221.0,203984294.0,42004,188.0,11.983333333333333,0.041923076923076924,208352527.25172257
42,169748949.60000002,250833608.52,2004-05-01,83060197.0,79590871.25,9709222.1,126348609.8,17715303.0,130760839.0,3973832.0,7387840.0,15071000.0,5,2004,181273526.0,210344875.0,52004,189.1,12.046666666666667,0.04211538461538462,214310261.4091494
43,184042257.91,270627892.81,2004-06-01,102019130.0,79877086.08333333,11374053.71,128196159.9,30332987.0,131630738.0,3649634.0,7652537.0,15071000.0,6,2004,173778799.0,204478263.0,62004,189.7,12.11,0.04230769230769231,217053541.68411577
44,199960184.79,289834172.78999996,2004-07-01,117510923.0,81511193.5,10628636.02,130956350.61,26120429.0,150565641.0,3801068.0,7796927.0,15071000.0,7,2004,173368123.0,204698730.0,72004,189.4,12.176666666666666,0.0425,231358036.81440246
45,217382075.79,303981165.78999996,2004-08-01,106872301.0,84089056.91666667,11448843.0,132236727.63,810221.0,163171089.0,3977186.0,7986167.0,15071000.0,8,2004,179269044.0,207659381.0,82004,189.5,12.243333333333334,0.045,245499635.28688434
46,235893832.79,315553511.78999996,2004-09-01,100865357.0,86551330.41666667,12656581.0,131530221.63,6649638.0,161077504.0,4158040.0,8398282.0,15071000.0,9,2004,185431411.0,217425873.0,92004,189.9,12.31,0.0475,265705507.8423636
47,253152771.79,319512588.78999996,2004-10-01,104972764.0,89005062.83333333,12575977.0,131582307.86999999,16683385.0,161027099.0,4378014.0,8444825.0,15071000.0,10,2004,189573704.0,209618836.0,102004,190.9,12.383333333333333,0.04875,264221823.57243767
48,267555154.79,323206834.78999996,2004-11-01,126789794.0,91010918.16666667,11193453.0,131090945.00999999,33010482.0,155161212.0,4491835.0,8465667.0,15071000.0,11,2004,195238031.0,204257506.0,112004,191.0,12.456666666666667,0.05,268307793.8575128
49,276733668.63,326045721.63,2004-12-01,134796737.0,94770672.25,15050413.16,130932745.00999999,23057356.0,176049796.0,4601119.0,8250753.0,15079000.0,12,2004,204218615.0,204218615.0,122004,190.3,12.53,0.0525,280518333.30883837
50,282013831.63,327657340.63,2005-01-01,143212810.0,99301016.33333333,11254891.0,134238497.17,19670965.0,188602627.0,4600667.0,8401735.0,18488000.0,1,2005,233150863.0,253585098.0,12005,190.7,12.61,0.05375,347153362.5360452
51,282484563.63,326892846.63,2005-02-01,178456072.0,104022250.41666667,14416967.0,137509811.17,49660229.0,194164622.0,4509888.0,8487074.0,18488000.0,2,2005,235424984.0,256758213.0,22005,191.8,12.69,0.055,346543985.0061499
52,285112483.63,326452391.63,2005-03-01,209992727.0,112278281.33333333,15261380.0,142006835.17,46798035.0,241079208.0,4091421.0,8249461.0,18488000.0,3,2005,225567481.0,253261919.0,32005,193.3,12.77,0.0575,337188035.15694594
53,276865095.63,317902735.63,2005-04-01,199494175.0,123633577.33333333,21113898.0,145502009.99,10615345.0,281765564.0,4377958.0,8755972.0,18488000.0,4,2005,228132961.0,247453597.0,42005,194.6,12.82,0.05875,326000106.0459318
54,267743711.92000002,315267477.91999996,2005-05-01,184532137.0,134003582.25,22773856.71,156684314.99,7811819.0,281124375.0,4986545.0,9478380.0,18488000.0,5,2005,221973359.0,237017783.0,52005,194.4,12.87,0.06,316346903.35469675
55,256897274.9,314979725.9,2005-06-01,174425028.0,142459577.25,25667362.02,169748949.60000002,15560253.0,271220891.0,5118211.0,9719330.0,18488000.0,6,2005,221131916.0,230593736.0,62005,194.5,12.92,0.0625,311018144.88192445
56,242914954.0,311661031.0,2005-07-01,166144660.0,148493402.08333334,26546562.9,184042257.91,18266195.0,256448157.0,5828004.0,10428671.0,18488000.0,7,2005,229583362.0,246649951.0,72005,195.4,12.993333333333334,0.06375,328919333.6897123
57,234182819.0,304977458.87,2005-08-01,153977586.0,152546213.5,28870734.0,199960184.79,16703659.0,248593923.0,6536144.0,11046032.0,18488000.0,8,2005,210563094.0,227328754.0,82005,196.4,13.066666666666666,0.065,304522890.98698944
58,228394091.0,291883359.87,2005-09-01,147494553.0,156471653.91666666,31168338.0,217382075.79,24685305.0,264487361.0,7100961.0,11192382.0,18488000.0,9,2005,194124253.0,213815825.0,92005,198.8,13.14,0.0675,282036740.7021726
59,221787043.0,278065639.87,2005-10-01,120901323.0,160357420.25,29834916.0,235893832.79,3241686.0,282523028.0,6920194.0,11298152.0,18488000.0,10,2005,181958343.0,195200200.0,102005,199.2,13.200000000000001,0.06875,264264765.2305472
60,218378368.87,269468746.87,2005-11-01,112902160.0,161684800.16666666,25595836.0,253152771.79,17596673.0,269081329.0,6305850.0,11292395.0,18488000.0,11,2005,175055997.0,183254721.0,112005,197.6,13.26,0.07,261504356.95515567
61,212223680.87,268369288.87,2005-12-01,97418895.0,160527497.33333334,24228927.0,267555154.79,8745662.0,253667520.0,6214475.0,11332686.0,18492000.0,12,2005,156516540.0,156516540.0,122005,196.8,13.32,0.0725,237896998.45160118
62,211705822.87,274714374.87,2006-01-01,81195144.0,157412677.16666666,16535054.0,276733668.63,311303.0,239355826.0,5543889.0,11371893.0,17471000.0,1,2006,172951561.0,199909650.0,12006,198.3,13.413333333333334,0.075,287581503.3420211
63,213817066.87,285195043.87,2006-02-01,75342687.0,152244538.33333334,14887699.0,282013831.63,9035242.0,219996164.0,4958545.0,11494689.0,17671000.0,2,2006,177712403.0,209102129.0,22006,198.7,13.506666666666666,0.07625,299543809.5246515
64,219057235.87,291812388.88,2006-03-01,76005369.0,143651756.25,17889300.0,282484563.63,18551981.0,179371177.0,4536263.0,11637224.0,17671000.0,3,2006,180047565.0,211818627.0,32006,199.8,13.6,0.0775,301084436.19545895
65,229070865.87,302208233.88,2006-04-01,81087616.0,132486143.08333333,12866510.0,285112483.63,17948757.0,151125123.0,4452327.0,11372521.0,17671000.0,4,2006,193259459.0,228344308.0,42006,201.5,13.65,0.07875,313639926.9002304
66,240786760.87,312904805.88,2006-05-01,87380287.0,122618929.83333333,13652473.0,276865095.63,19945144.0,158458535.0,4524557.0,10830407.0,17671000.0,5,2006,194348710.0,226926687.0,52006,202.5,13.7,0.08,308816747.5008618
67,250472480.88,322252748.88,2006-06-01,190779381.0,114522942.33333333,14820925.0,267743711.92000002,118220020.0,170591860.0,4627111.0,10841586.0,17671000.0,6,2006,205110877.0,228908979.0,62006,202.9,13.75,0.0825,312141535.33392674
68,261170593.88,329754336.88,2006-07-01,199816176.0,115885805.08333333,12564242.0,256897274.9,21601037.0,273251627.0,4790234.0,10334123.0,17671000.0,7,2006,211877184.0,234805025.0,72006,203.5,13.79,0.08216666666666667,319138416.6943536
69,265381039.88,333266025.88,2006-08-01,192205375.0,118691764.75,20138599.0,242914954.0,12527669.0,276586469.0,5098383.0,10056928.0,17671000.0,8,2006,240349209.0,264632058.0,82006,203.9,13.83,0.08183333333333334,353644405.7841938
70,264170297.88,330543105.88,2006-09-01,171513207.0,121877413.83333333,25379610.0,234182819.0,4687432.0,272410479.0,6567244.0,11103507.0,17671000.0,9,2006,235601034.0,253621757.0,92006,202.9,13.87,0.0815,345262264.4754763
71,261008259.88,324164222.88,2006-10-01,162419139.0,123878968.33333333,23227868.0,228394091.0,14133800.0,252412606.0,7198302.0,11650629.0,17671000.0,10,2006,236302990.0,249014769.0,102006,201.8,13.926666666666666,0.08116666666666666,346908452.59719104
72,262471386.01,329772366.01,2006-11-01,146642474.0,127338786.33333333,22187161.87,221787043.0,6410496.0,263304720.0,8280970.0,12805527.0,17671000.0,11,2006,240501422.0,247634941.0,112006,201.5,13.983333333333333,0.08083333333333334,347476755.40266824
73,267053837.01,335990008.01,2006-12-01,134834348.0,130150479.16666667,18074239.0,218378368.87,6266114.0,252118543.0,9168853.0,13795964.0,17679000.0,12,2006,239867229.0,239867229.0,122006,201.8,14.04,0.0805,338545389.98750365
74,267885626.01,346180513.01,2007-01-01,160139489.0,133268433.58333333,16017196.0,212223680.87,41322337.0,249638995.0,9164323.0,13954557.0,23159500.0,1,2007,262167604.0,293675249.0,12007,202.4,14.1,0.08016666666666666,397199031.0184584
75,278681988.01,357269119.01,2007-02-01,157733020.0,139847129.0,16998943.0,211705822.87,14592474.0,290650029.0,9009685.0,14108068.0,23159500.0,2,2007,252693009.0,287717748.0,22007,203.5,14.16,0.07983333333333334,384453934.1758115
76,279844400.01,367652491.01,2007-03-01,150651645.25,146712990.08333334,23129469.0,213817066.87,16048094.0,296207261.0,7951633.0,14518877.0,23159500.0,3,2007,256312461.0,286490744.0,32007,205.4,14.22,0.0795,377424345.6920113
77,283171961.01,381823208.90999997,2007-04-01,163633987.0,152933513.10416666,22880140.0,219057235.87,35862482.0,293703374.0,7744663.0,14942965.0,23159500.0,4,2007,238153381.0,259505837.0,42007,206.7,14.280000000000001,0.07916666666666666,346078980.8797425
78,285891142.01,396088128.90999997,2007-05-01,177038092.0,159812377.35416666,25368368.0,229070865.87,38772473.0,311617099.0,7147823.0,15428793.0,23159500.0,5,2007,245881053.0,269715880.0,52007,207.9,14.34,0.07883333333333334,358876601.66011435
79,294897338.0,406126056.39,2007-06-01,187154423.0,167283861.10416666,24506645.01,240786760.87,34622976.0,330444428.0,6670648.0,15839501.0,23159500.0,6,2007,264570934.0,289397282.0,62007,208.4,14.4,0.0785,384992481.16497236
80,308685840.9,417491573.39,2007-07-01,228078133.0,166981781.27083334,23262355.0,250472480.88,64186064.0,246847384.0,7066096.0,16230419.0,23159500.0,7,2007,273819150.0,303281876.0,72007,208.3,14.453333333333333,0.07816666666666666,403850923.9455155
81,323970083.9,423645683.99,2007-08-01,208169166.0,169336944.35416666,24349045.0,261170593.88,4440078.0,289432411.0,7480716.0,16490401.0,23159500.0,8,2007,267687292.0,296547672.0,82007,207.9,14.506666666666668,0.07783333333333334,399226775.78485334
82,334345788.39,425936340.99,2007-09-01,195729827.0,170667260.27083334,24168868.0,265381039.88,11729528.0,281344820.0,8169148.0,16120781.0,23159500.0,9,2007,289500451.0,328275063.0,92007,208.5,14.56,0.0775,436534645.415391
83,348907830.39,428506741.99,2007-10-01,237115406.0,172685311.9375,20065830.0,264170297.88,61451409.0,288386916.0,8407241.0,16151904.0,23159500.0,10,2007,297707408.0,326621723.0,102007,208.9,14.613333333333333,0.075,434506864.0090946
84,355760697.99,425102135.99,2007-11-01,215539774.0,178910000.85416666,23650288.0,261008259.88,2074656.0,335704525.0,9264384.0,16412207.0,23159500.0,11,2007,300580780.0,318071994.0,112007,210.2,14.666666666666668,0.07375,424545051.713634
85,359563532.99,427899425.99,2007-12-01,267488084.0,184651442.52083334,22656690.0,262471386.01,74605002.0,331368685.0,10138912.0,16809560.0,23579500.0,12,2007,304154733.0,304154733.0,122007,210.0,14.72,0.0725,410577860.07514364
86,365350778.99,432735166.99,2008-01-01,290386007.7,195705920.52083334,16848985.0,267053837.01,39746909.0,399707573.0,9917884.0,16983980.0,27510000.0,1,2008,313684011.0,343899748.0,12008,211.1,14.716666666666667,0.065,454572973.3128565
87,357801155.99,429372803.72,2008-02-01,265433678.0,206559797.07916665,27795305.0,267885626.01,2842975.0,398132145.0,10086838.0,17567554.0,27510000.0,2,2008,299436831.0,319570403.0,22008,211.7,14.713333333333335,0.05875,424817439.5046604
88,358963254.99,423656366.72,2008-03-01,255266745.0,215534851.9125,24291881.0,278681988.01,14124948.0,386382646.0,9496682.0,17665830.0,27510000.0,3,2008,331955441.0,360265597.0,32008,213.5,14.71,0.0525,467841417.65257627
89,354440279.99,416079312.72,2008-04-01,238743062.0,224252776.89166665,26207701.0,279844400.01,9684017.0,384459500.0,9605601.0,18012842.0,27510000.0,4,2008,339879903.0,368684739.0,42008,214.8,14.763333333333334,0.05,466752129.06044674
90,350785672.72,408828828.08,2008-05-01,226339031.0,230511866.475,28087549.0,283171961.01,15683519.0,358281035.0,9225820.0,18490204.0,27510000.0,5,2008,354037996.0,384737131.0,52008,216.6,14.816666666666666,0.04916666666666667,468433223.0260888
91,335848275.72,396999535.14,2008-06-01,314803167.0,234620278.0583333,33512841.0,285891142.01,121976976.0,335192081.0,8869039.0,19007951.0,27550000.0,6,2008,356479033.0,397358764.0,62008,218.8,14.87,0.04833333333333333,457921386.3848121
92,317428064.82000005,380411996.27000004,2008-07-01,338554625.0,245257673.39166665,37050857.9,294897338.0,60802317.0,422546081.0,9918176.0,19836060.0,27550000.0,7,2008,358739626.0,410800258.0,72008,219.964,14.879999999999999,0.0475,447438377.49430245
93,298631841.18,360425160.27,2008-08-01,348271444.0,254464047.725,39633288.0,308685840.9,49350107.0,419162334.0,11140639.0,21227477.0,27470000.0,8,2008,353497086.0,405459483.0,82008,219.086,14.89,0.04666666666666667,433689943.3080505
94,285770816.75,354663572.47,2008-09-01,338653575.0,266139237.5583333,34544572.49,323970083.9,24926703.0,464072363.0,11992485.0,21489167.0,27470000.0,9,2008,335345362.0,383893868.0,92008,218.783,14.9,0.04583333333333333,403578473.1109527
95,271606263.78,333368140.47,2008-10-01,308281129.0,278049549.89166665,34627872.0,334345788.39,4255426.0,477269538.0,12394914.0,22000515.0,27470000.0,10,2008,334041469.0,366837102.0,102008,216.573,14.803333333333333,0.045,394673989.5039428
96,260749560.18,316934129.5,2008-11-01,276068495.0,283980026.80833334,30503155.6,348907830.39,-1709478.0,420073555.0,13561145.0,22786965.0,27470000.0,11,2008,320986273.0,334670130.0,112008,212.425,14.706666666666667,0.03875,395600368.7949215
97,263073019.87,313053093.5,2008-12-01,256008440.0,289024086.89166665,26459525.0,355760697.99,6409470.0,416289421.0,15452378.0,24321417.0,27470000.0,12,2008,291583454.0,291583454.0,122008,210.228,14.61,0.0325,366122268.02342594
98,253769228.87,313134004.68,2009-01-01,235874453.57,288067449.89166665,22636231.0,359563532.99,2492245.0,348093889.0,14581461.0,24499637.0,28510000.0,1,2009,264159405.0,275059798.0,12009,211.143,14.549999999999999,0.03252976190476191,331409557.0734358
99,247592691.5,314250392.68,2009-02-01,217795807.0,283524820.3808333,20245682.0,365350778.99,2167036.0,310839225.0,13291794.0,24432433.0,28510000.0,2,2009,213173526.0,216881229.0,22009,212.193,14.49,0.03255952380952381,254881020.82018578
100,244717200.5,311360243.76,2009-03-01,195192464.0,279554997.7975,25453980.0,357801155.99,2850636.0,310163286.0,12646849.0,24639334.0,28510000.0,3,2009,191627436.0,195183708.0,32009,212.709,14.43,0.032589285714285716,227030912.5126562
101,245749616.68,314481839.02,2009-04-01,176144743.0,274548807.7141667,21684726.0,358963254.99,2637005.0,298888974.0,11989729.0,24384643.0,28510000.0,4,2009,207553104.0,219471617.0,42009,213.24,14.413333333333334,0.03261904761904762,251620038.63250566
102,242678744.95000002,313040539.62,2009-05-01,157185376.0,269332281.1308333,24432941.73,354440279.99,5473574.0,291841962.0,10803390.0,24364535.0,28510000.0,5,2009,211186821.0,224262057.0,52009,213.856,14.396666666666667,0.032648809523809524,254566316.77669144
103,246667132.03,317424380.62,2009-06-01,169139898.0,263569476.5475,18575444.0,350785672.72,30529967.0,281632017.0,8204357.0,23656735.0,28550000.0,6,2009,225278138.0,243824120.0,62009,215.693,14.38,0.03267857142857143,260087164.76722044
104,252842806.29000002,325630608.62,2009-07-01,252199113.0,251430870.7975,18630647.0,335848275.72,101689862.0,190185008.0,8095651.0,22677112.0,26750000.0,7,2009,269637308.0,298458889.0,72009,215.351,14.403333333333334,0.03270833333333333,319080845.510232
105,254997384.26,331410744.26000005,2009-08-01,263036388.0,244234578.13083336,20837064.36,317428064.82000005,31674340.0,231072553.0,8780542.0,22072336.0,26750000.0,8,2009,282542125.0,319565174.0,82009,215.834,14.426666666666666,0.03273809523809524,335925992.9345975
106,256273121.2,335396077.20000005,2009-09-01,284407201.0,237131656.7975,21683548.06,298631841.18,43054361.0,213396786.0,10294860.0,22941709.0,26750000.0,9,2009,268189020.0,301574072.0,92009,215.969,14.45,0.03276785714285715,320727995.87097627
107,262646677.17,330912246.17,2009-10-01,271484149.0,232611125.63083336,20463319.03,285770816.75,7540267.0,231524444.0,10414942.0,22404671.0,26750000.0,10,2009,256026462.0,277164490.0,102009,216.177,14.516666666666666,0.03279761904761905,304266276.8095543
108,269617425.17,331743983.99,2009-11-01,293038625.0,229544710.63083336,19646452.0,271606263.78,41200928.0,234809285.0,10572971.0,21376361.0,26750000.0,11,2009,318360012.0,335208282.0,112009,216.33,14.583333333333334,0.032827380952380955,360027079.3810803
109,266503321.48,324582634.3,2009-12-01,280381606.0,230958888.13083336,28782984.69,260749560.18,16125965.0,277719691.0,17341841.0,25546198.0,25150000.0,12,2009,314779121.0,314779121.0,122009,215.949,14.65,0.032857142857142856,348897814.5234805
110,269150369.48,331828444.3,2010-01-01,281708439.0,232989985.2975,13332440.0,263073019.87,14659273.0,287436186.0,17196267.0,25291918.0,28216700.0,1,2010,323100973.0,368403992.0,12010,216.687,14.686666666666667,0.03288690476190476,390978755.3665761
111,275559414.67,336260714.67,2010-02-01,273340921.0,236809484.08333334,14069144.63,253769228.87,5701626.0,299603214.0,15782752.0,24563294.0,30416700.0,2,2010,314302676.0,353313798.0,22010,216.741,14.723333333333333,0.03291666666666667,377411239.2870396
112,274602560.67,330583361.67,2010-03-01,265381623.0,241438243.58333334,22578489.0,247592691.5,14619190.0,303137804.0,15673470.0,25968330.0,30416700.0,3,2010,302141917.0,335186020.0,32010,217.631,14.76,0.03294642857142857,355780116.7719015
113,272463668.49,329258022.65,2010-04-01,257021769.0,247287340.16666666,22717142.18,244717200.5,14357289.0,314906358.0,16326647.0,26741589.0,30416700.0,4,2010,290848694.0,317580613.0,42010,218.009,14.833333333333334,0.03297619047619048,342627222.2052193
114,269603013.49,331750470.32,2010-05-01,324480320.0,254027092.33333334,21362070.0,245749616.68,88820621.0,326626642.0,16450668.0,27023639.0,30416700.0,5,2010,292879078.0,313825896.0,52010,218.178,14.906666666666666,0.033005952380952386,343567574.0389851
115,263940318.41,330340719.09000003,2010-06-01,305149040.0,267968337.66666666,22563831.08,242678744.95000002,3232550.0,409973689.0,10595300.0,27937141.0,30416700.0,6,2010,281092965.0,302550809.0,62010,217.965,14.98,0.033035714285714286,341591846.90058464
116,260525800.31,323041336.14000005,2010-07-01,287754953.0,279302432.8333333,24806321.26,246667132.03,7412234.0,382676272.0,12130332.0,29326599.0,30416700.0,7,2010,272914197.0,295575591.0,72010,218.011,15.033333333333333,0.033065476190476194,339427941.27782226
117,261388675.65,318793836.83,2010-08-01,276605230.0,282265419.5,22991642.33,252842806.29000002,11841919.0,288398644.0,14011665.0,29794417.0,30416700.0,8,2010,266115475.0,288857070.0,82010,218.312,15.086666666666668,0.033095238095238094,335128976.66928905
118,259583470.5,319121882.95,2010-09-01,255353803.0,283396156.3333333,22959285.0,254997384.26,1707858.0,268566223.0,13146402.0,28819872.0,30416700.0,9,2010,290387572.0,324697232.0,92010,218.439,15.14,0.033125,368412439.0089534
119,250253533.81,303828521.78999996,2010-10-01,290874196.0,280975039.8333333,26836875.0,256273121.2,62357268.0,227219720.0,13405375.0,29732022.0,30416700.0,10,2010,277267180.0,298298643.0,102010,218.711,15.196666666666667,0.03315476190476191,347173496.5228231
120,242380476.83,288667071.81,2010-11-01,265393524.0,282590877.0833333,26617200.0,262646677.17,1136528.0,282036721.0,15396258.0,31846926.0,30416700.0,11,2010,259449291.0,271035094.0,112010,218.803,15.253333333333334,0.03318452380952381,326840778.9093108
121,239998926.95000002,277620367.81,2010-12-01,248557875.0,280287118.6666667,25668881.0,269617425.17,8833232.0,241972321.0,17578161.0,28173461.0,30416300.0,12,2010,239858116.0,239858116.0,122010,219.179,15.31,0.03321428571428572,300404359.8942655
122,235562952.79000002,274859059.81,2011-01-01,233849139.0,277635141.0833333,15979488.0,266503321.48,1270752.0,234679588.0,15839259.0,27969591.0,21849900.0,1,2011,239748845.0,269779659.0,12011,220.223,15.323333333333334,0.03324404761904762,316916496.0785674
123,226540512.99,266866118.99,2011-02-01,215498963.0,273646866.0833333,20478189.82,269150369.48,2128014.0,221291067.0,14205569.0,28217234.0,21849900.0,2,2011,235751337.0,264045421.0,22011,221.309,15.336666666666666,0.033273809523809525,301727280.6220114
124,219541054.99,258140080.99,2011-03-01,199460521.0,268826702.9166667,21621635.0,275559414.67,5583193.0,217717455.0,13040549.0,26186951.0,21849900.0,3,2011,220663607.0,246432116.0,32011,223.467,15.35,0.03330357142857143,266092169.38014168
125,212180984.99,250538040.99,2011-04-01,179236919.0,263333277.75,20578250.0,274602560.67,354648.0,208681458.0,11865019.0,25270394.0,21849900.0,4,2011,201312740.0,221286945.0,42011,224.906,15.42,0.03333333333333333,236241172.8198266
126,206164818.99,245544082.99,2011-05-01,177175707.0,256851206.91666666,18501415.0,272463668.49,16440202.0,194678817.0,8813723.0,24209981.0,21849900.0,5,2011,210087919.0,226796189.0,52011,225.964,15.49,0.03336309523809524,238613541.0745592
127,202159279.99,240964317.99,2011-06-01,168350561.0,244575822.5,16901136.0,269603013.49,8075991.0,122298398.0,4873193.0,22451354.0,21849900.0,6,2011,177963543.0,190174659.0,62011,225.722,15.56,0.03339285714285715,215554198.47605896
128,193743686.82999998,232524340.52999997,2011-07-01,185669026.0,233175949.25,21391803.16,263940318.41,38710268.0,127141839.0,5378792.0,21218051.0,21849900.0,7,2011,220297187.0,243371360.0,72011,225.922,15.59,0.03342261904761905,264431049.2513051
129,183396626.16,218156402.86,2011-08-01,205613198.0,224668788.66666666,23854517.67,260525800.31,43798689.0,158439873.0,5508013.0,19713582.0,21849900.0,8,2011,215193635.0,242700050.0,82011,226.545,15.620000000000001,0.033452380952380956,258909354.5721575
130,174563917.31,207943369.01,2011-09-01,187028505.0,218752786.0,21154079.85,261388675.65,2569387.0,190396643.0,5472263.0,18512812.0,21849900.0,9,2011,196132922.0,218066543.0,92011,226.889,15.65,0.033482142857142856,234385665.84050965
131,170008804.7,197774601.7,2011-10-01,182124930.0,213059011.16666666,17506938.31,259583470.5,12603363.0,191258172.0,4893683.0,16758702.0,21849900.0,10,2011,189885680.0,207359598.0,102011,226.421,15.713333333333333,0.033511904761904764,233222356.8279642
132,160751241.68,186447992.68,2011-11-01,168600911.0,203996572.33333334,18744143.02,250253533.81,5220124.0,141504267.0,5095596.0,13909319.0,21849900.0,11,2011,182473683.0,196909074.0,112011,226.23,15.776666666666667,0.03354166666666667,229229607.76893306
133,148404956.56,170294855.56,2011-12-01,160511254.0,195930521.25,23287331.12,242380476.83,15197673.0,145587863.0,6639031.0,11512224.0,22251100.0,12,2011,163339277.0,177185639.0,122011,225.672,15.84,0.03357142857142857,219956001.93344796
134,144199613.72000003,167432081.72000003,2012-01-01,149457367.0,188593302.83333334,11543513.84,239998926.95000002,489627.0,151952304.0,5936376.0,11315168.0,16495150.0,1,2012,146892031.0,159957829.0,12012,226.655,15.916666666666666,0.03360119047619048,198207780.56535935
135,140161397.7,165532065.7,2012-02-01,139837064.0,181560655.16666666,11455750.02,235562952.79000002,1835446.0,151171179.0,5034905.0,10542918.0,16491350.0,2,2012,151406772.0,166395222.0,22012,227.663,15.993333333333334,0.033630952380952386,198904580.1797142
136,132673414.7,160929057.7,2012-03-01,132025289.0,175255496.91666666,14622177.0,226540512.99,6810401.0,150878611.0,4710148.0,10182411.0,16491350.0,3,2012,151704350.0,164009678.0,32012,229.392,16.07,0.03366071428571429,184235381.70472753
137,128135974.7,159449133.7,2012-04-01,132644495.0,169635894.25,13218180.0,219541054.99,13837387.0,152105819.0,4534355.0,9428038.0,16491350.0,4,2012,152459548.0,165968020.0,42012,230.085,16.116666666666667,0.033690476190476194,181773814.76393998
138,125206459.7,158351458.7,2012-05-01,125284647.0,165753192.25,12485249.0,212180984.99,5125401.0,165588558.0,4489400.0,9584996.0,16491350.0,5,2012,141734885.0,155340693.0,52012,229.815,16.163333333333334,0.033720238095238095,177098940.11653364
139,122330031.7,154430738.7,2012-06-01,115014186.0,161428937.25,12895597.0,206164818.99,2625136.0,154273757.0,2925022.0,9564053.0,16491350.0,6,2012,122502287.0,133394499.0,62012,229.478,16.21,0.03375,162502580.15490556
140,121092077.7,149736029.7,2012-07-01,112085090.0,156984239.33333334,12976210.0,202159279.99,10047114.0,148822902.0,2651930.0,8588306.0,16491350.0,7,2012,115769287.0,126083271.0,72012,229.104,16.246666666666666,0.03377976190476191,161977439.89540374
141,118972194.7,144114608.7,2012-08-01,94247474.0,150852244.66666666,13507457.0,193743686.82999998,-4330159.0,120159748.0,2978317.0,8013222.0,16491350.0,8,2012,106514936.0,113842461.0,82012,230.379,16.283333333333335,0.03380952380952381,139875602.72547317
142,115625700.7,140561161.7,2012-09-01,91182242.0,141571767.66666666,12321371.0,183396626.16,9256139.0,72030900.0,2900613.0,7610761.0,16491350.0,9,2012,109209704.0,121255169.0,92012,231.407,16.32,0.03383928571428572,140294749.51878142
143,110955376.0,135929258.0,2012-10-01,79270422.0,133584579.08333333,12951825.7,174563917.31,1040005.0,78717652.0,2921445.0,7455800.0,16491350.0,10,2012,101134026.0,108114919.0,102012,231.317,16.353333333333335,0.03386904761904762,131607739.39047301
144,109354832.0,134468678.0,2012-11-01,72838917.0,125013370.08333333,9486580.0,170008804.7,3055075.0,67154294.0,2316547.0,6805947.0,16491350.0,11,2012,95885219.0,101185778.0,112012,230.221,16.386666666666667,0.033898809523809526,139236977.03573275
145,107181710.0,131554246.0,2012-12-01,74097432.0,117033203.91666667,10941046.0,160751241.68,12199561.0,64989245.0,2595014.0,5520036.0,16491350.0,12,2012,83256786.0,86331042.0,122012,229.601,16.42,0.03392857142857143,133868342.90273857
146,108163461.0,134473566.0,2013-01-01,67899986.0,109832052.08333333,7338171.0,148404956.56,1140725.0,61991133.0,2640496.0,5292426.0,8767466.0,1,2013,83351179.0,87368970.0,12013,230.28,16.496666666666666,0.03395833333333333,134784065.57554948
147,108771927.0,136495842.0,2013-02-01,61543604.0,103035603.66666667,7417534.0,144199613.72000003,1061152.0,62642231.0,2681783.0,5660100.0,8768466.0,2,2013,90499393.0,98176001.0,22013,232.166,16.573333333333334,0.03398809523809524,133142254.35625863
148,109664347.0,141426875.0,2013-03-01,55806251.0,96511148.66666667,7134194.0,140161397.7,1396841.0,61867937.0,2551056.0,5451669.0,8768516.0,3,2013,101606082.0,115359826.0,32013,232.773,16.65,0.03401785714285715,150629938.53363287
149,111241098.0,144704831.0,2013-04-01,76550998.0,90159562.16666667,8680740.0,132673414.7,29425488.0,56454377.0,2337445.0,5258890.0,8768466.0,4,2013,98830246.0,111644913.0,42013,232.531,16.676666666666666,0.03404761904761905,151407977.90876114
150,111125174.0,145211399.0,2013-05-01,68171315.0,85485104.08333333,9555734.0,128135974.7,1176051.0,72042478.0,2207546.0,4524093.0,8768366.0,5,2013,102821418.0,120569080.0,52013,232.945,16.703333333333333,0.034077380952380956,157904914.77760494
151,113171232.0,143265702.0,2013-06-01,60598904.0,80725659.75,10019169.0,125206459.7,2446758.0,68093128.0,1694645.0,4289659.0,8768416.0,6,2013,104001726.0,125848250.0,62013,233.504,16.73,0.03410714285714286,159217455.84604156
152,113391672.0,139259813.0,2013-07-01,70393927.0,76191052.91666667,11738256.0,122330031.7,21533279.0,67914750.0,1592914.0,4233410.0,8768366.0,7,2013,115892788.0,140405848.0,72013,233.596,16.803333333333335,0.034136904761904764,178248543.30332744
153,112066400.0,135809035.0,2013-08-01,104080890.0,72716789.33333333,11387574.0,121092077.7,45074537.0,79400915.0,1655550.0,4337333.0,8768366.0,8,2013,128543986.0,147597028.0,82013,233.877,16.876666666666665,0.03416666666666667,187472269.0413854
154,111164995.0,133747874.0,2013-09-01,99690312.0,73536240.66666667,8974877.0,118972194.7,4584298.0,128805611.0,1743802.0,4294858.0,8768417.0,9,2013,115979150.0,129596433.0,92013,234.149,16.95,0.03419642857142857,171770685.31280446
155,110615861.0,130179425.0,2013-10-01,91899812.0,74245246.5,8281501.0,115625700.7,491001.0,124133770.0,1771037.0,4108482.0,8768637.0,10,2013,109383354.0,124697267.0,102013,233.546,17.03,0.03422619047619048,178344878.54376674
156,110666621.0,127399493.0,2013-11-01,85676537.0,75297695.66666667,7886036.0,110955376.0,1662761.0,123584766.0,1768641.0,3976187.0,8768367.0,11,2013,109176606.0,124481051.0,112013,233.069,17.11,0.03425595238095239,187412016.86016202
157,108812413.0,127869221.0,2013-12-01,84701208.0,76367497.33333333,8767924.0,109354832.0,7792595.0,122192452.0,1829762.0,3524407.0,8768151.0,12,2013,110259082.0,123293853.0,122013,233.049,17.19,0.03428571428571429,189952112.90171826
158,105205543.0,128559087.0,2014-01-01,78750547.0,77251145.33333333,8319922.0,107181710.0,2369262.0,117785486.0,1945993.0,3538907.0,10625833.0,1,2014,113961040.0,125427093.0,12014,233.916,17.193333333333335,0.034315476190476195,180810873.76143432
159,102285647.0,130122301.0,2014-02-01,79743130.0,78155358.75,8026000.0,108163461.0,9018583.0,119014023.0,1579166.0,3234716.0,10625833.0,2,2014,117225379.0,129957687.0,22014,234.781,17.196666666666665,0.034345238095238095,175283670.36420846
160,103496685.0,130942123.0,2014-03-01,74806520.0,79671985.91666667,8026614.0,108771927.0,3090005.0,126971454.0,1872371.0,3616173.0,10625833.0,3,2014,120299528.0,133333163.0,32014,236.293,17.2,0.034375,163525338.2292297
161,102248982.0,131970509.0,2014-04-01,65263841.0,81255341.66666667,10257491.0,109664347.0,714811.0,128664618.0,2385263.0,4156300.0,15883333.0,4,2014,109054959.0,121505665.0,42014,237.072,17.306666666666665,0.03440476190476191,151647918.83899426
162,102398386.0,134419080.0,2014-05-01,58171205.0,80314745.25,9439810.0,111241098.0,2347174.0,99953941.0,2778993.0,4547634.0,15883333.0,5,2014,116274645.0,133489765.0,52014,237.9,17.413333333333334,0.03443452380952381,163945901.04016042
163,99179595.0,135021961.0,2014-06-01,55454271.34,79481402.75,12065227.0,111125174.0,9348292.0,101125064.0,4253437.0,6083199.0,15883333.0,6,2014,108903375.0,131235142.0,62014,238.343,17.52,0.03446428571428572,164844740.76155782
164,98506776.0,135121569.0,2014-07-01,106697887.0,79052683.36166666,11958696.0,113171232.0,63202312.0,108026598.0,4917702.0,6863695.0,15883333.0,7,2014,134405978.0,166826089.0,72014,238.25,17.613333333333333,0.03449404761904762,208158324.0140735
165,100332855.0,138964234.0,2014-08-01,175592272.0,82078013.36166666,10062302.0,113391672.0,78956687.0,149695631.0,5397533.0,6976699.0,15883333.0,8,2014,155009234.0,199986167.0,82014,237.852,17.706666666666667,0.034523809523809526,250100487.26356983
166,104927491.0,142333703.0,2014-09-01,175850209.0,88037295.195,8073472.0,112066400.0,8331408.0,183577781.0,5297185.0,7169556.0,15883334.0,9,2014,165667673.0,214613475.0,92014,238.031,17.8,0.034553571428571433,265819735.97192866
167,109253428.0,152572750.0,2014-10-01,170316306.0,94383953.27833332,7732367.0,111164995.0,2198464.0,187324891.0,5209336.0,7594599.0,15883334.0,10,2014,166693876.0,211517253.0,102014,237.433,17.836666666666666,0.034583333333333334,264338588.69240224
168,115221599.0,161366815.0,2014-11-01,163340543.0,100918661.11166666,7936796.0,110615861.0,961033.0,189032354.0,5113481.0,7892474.0,15883334.0,11,2014,163261535.0,207671938.0,112014,236.151,17.873333333333335,0.03461309523809524,266452188.87705278
169,119750824.0,170915199.0,2014-12-01,172092010.0,107390661.61166666,6913716.0,110666621.0,15665182.0,188330626.0,4056715.0,8310152.0,15883334.0,12,2014,183625970.0,227844393.0,122014,234.812,17.91,0.03464285714285715,291678248.2242784
170,133009186.0,184627515.0,2015-01-01,169859573.0,114673228.445,4713052.0,108812413.0,2480616.0,196203213.0,3285865.0,8203567.0,15311900.0,1,2015,195262262.0,238144288.0,12015,233.707,17.96,0.03467261904761905,301792667.4685855
171,144633943.0,198430651.0,2015-02-01,165736743.0,122265647.27833332,5106104.0,105205543.0,983274.0,196314567.0,2616769.0,8014302.0,15311900.0,2,2015,208252195.0,250573405.0,22015,234.722,18.009999999999998,0.03470238095238096,300489159.004715
172,151858391.0,209485953.0,2015-03-01,205550889.0,129431781.695,9237652.0,102285647.0,49051798.0,188279258.0,2522864.0,7820049.0,15311900.0,3,2015,206502473.0,247174960.0,32015,236.119,18.06,0.03473214285714286,284271217.4186412
173,161273971.0,218989835.0,2015-04-01,197402104.0,140327145.77833334,9009788.0,103496685.0,861004.0,234241051.0,2307297.0,7516633.0,24886200.0,4,2015,202126502.0,240702266.0,42015,236.599,18.133333333333333,0.034761904761904765,272985658.1136576
174,170593997.0,236360847.0,2015-05-01,188280871.0,151338667.695,9589214.0,102248982.0,467981.1,234387244.0,2643768.0,7757249.0,24893500.0,5,2015,204497919.0,240472977.0,52015,237.805,18.206666666666667,0.03479166666666667,266596077.23784727
175,182040515.0,257045300.0,2015-06-01,181574722.0,162181139.86166665,8846436.0,102398386.0,2140287.0,232508051.1,2365152.0,6421867.0,24893500.0,6,2015,193662365.0,234957610.0,62015,238.638,18.28,0.03482142857142857,257985511.85954088
176,189268308.0,272363317.0,2015-07-01,172132499.0,172691177.41666666,11285877.0,99179595.0,1843655.0,225300046.1,3019652.0,6305517.0,24893500.0,7,2015,194321694.0,233622376.0,72015,238.654,18.32,0.03485119047619048,257485588.1494473
177,204340153.0,285885997.0,2015-08-01,164849395.0,178144061.75,11888381.0,98506776.0,4605276.0,163941389.1,3906061.0,6522830.0,24893500.0,8,2015,199459905.0,243668994.0,82015,238.316,18.36,0.03488095238095239,270748823.01628494
178,221202934.0,304877669.0,2015-09-01,186479099.0,177248822.0,12668108.0,100332855.0,34297812.0,89589978.1,3875648.0,6398512.0,24893500.0,9,2015,234008565.0,293206328.0,92015,237.945,18.4,0.03491071428571429,324462093.6057137
179,235748524.0,318216057.0,2015-10-01,278751093.0,178134562.83333334,12058304.0,104927491.0,104330298.0,115556382.1,3814112.0,6121409.0,24893500.0,10,2015,236319581.0,294634557.0,102015,237.838,18.413333333333334,0.034940476190476195,325446872.06319165
180,247254618.0,331116090.0,2015-11-01,271690310.0,187170795.08333334,13904967.0,109253428.0,6844183.0,217688216.1,3318695.0,5962463.0,24893500.0,11,2015,254947239.0,320268402.0,112015,237.336,18.426666666666666,0.034970238095238096,353284408.33573556
181,267471457.0,350330882.0,2015-12-01,311428136.0,196199942.33333334,11442941.0,115221599.0,50870128.0,223571366.1,2270160.0,4635312.0,24923600.0,12,2015,258572457.0,323659959.0,122015,236.525,18.44,0.035,358585438.9545615
182,274896735.0,363073415.0,2016-01-01,294657998.0,207811286.16666666,17971414.0,119750824.0,1201277.0,258776312.1,1979271.0,4998923.0,15665301.0,1,2016,274866531.0,338076826.0,12016,236.916,18.470000000000002,0.035208333333333335,371905791.0654668
183,284970874.0,377263262.0,2016-02-01,299165408.0,218211154.91666666,16730861.0,133009186.0,21238270.0,257496973.1,1756838.0,5662899.0,17783349.0,2,2016,305606002.0,384796404.0,22016,237.111,18.5,0.035416666666666666,418639006.060308
184,299166507.0,395455308.0,2016-03-01,337820786.0,229330210.33333334,16462100.0,144633943.0,55117478.0,277751969.1,1982573.0,5858221.0,20901397.0,3,2016,323725058.0,390314683.0,32016,238.132,18.53,0.035625000000000004,418367174.2473526
185,311455086.0,404577450.0,2016-04-01,341379932.0,240352701.75,18425368.0,151858391.0,21984514.0,283817649.1,2408754.0,6222866.0,23019445.0,4,2016,333359114.0,392326099.0,42016,239.261,18.59,0.035833333333333335,416349454.5444844
186,323466554.0,417141531.0,2016-05-01,331740355.0,252350854.08333334,18909240.0,161273971.0,9269663.0,304941159.1,2804200.0,6122895.0,22700421.0,5,2016,329811463.0,385060085.0,52016,240.236,18.650000000000002,0.036041666666666666,406325842.89088583
187,337827746.0,423434485.0,2016-06-01,340000263.0,264305811.08333334,20292954.0,170593997.0,28552862.0,313742841.0,4091959.0,6362119.0,22700421.0,6,2016,331999979.0,380826235.0,62016,241.038,18.71,0.036250000000000004,401140976.48946035
188,346861586.0,429849277.0,2016-07-01,328855372.0,277507939.5,18513670.0,182040515.0,7368779.0,340155416.0,4439772.0,6419043.0,24259445.0,7,2016,325482695.0,366747984.0,72016,240.647,18.77,0.036458333333333336,390605189.38817316
189,351374681.0,428113690.0,2016-08-01,359921424.0,290568178.9166667,26960226.0,189268308.0,58026278.0,345680540.0,4755454.0,6512292.0,23200421.0,8,2016,332855750.0,377578476.0,82016,240.853,18.830000000000002,0.03666666666666667,403962842.9119434
190,348429700.0,424761824.0,2016-09-01,426208666.0,306824181.3333333,29530889.0,204340153.0,95818131.0,399101542.0,4835456.0,6818029.0,23889445.0,9,2016,370337093.0,424084670.0,92016,241.428,18.89,0.036875,451488757.3050738
191,346754268.0,420515253.0,2016-10-01,434640359.0,326801645.25,26603894.0,221202934.0,35035587.0,460621861.0,4955914.0,7364668.0,23889445.0,10,2016,322509925.0,376995485.0,102016,241.729,18.956666666666667,0.03708333333333333,402913640.5689684
192,346567846.0,414629636.0,2016-11-01,410777765.0,339792417.4166667,25411061.0,235748524.0,1548468.0,391327150.0,4873058.0,7677258.0,23389445.0,11,2016,335215574.0,380829629.0,112016,241.353,19.023333333333333,0.03729166666666667,410405272.91505647
193,341087089.0,405308333.0,2016-12-01,392885152.0,351383038.6666667,31659780.0,247254618.0,11600970.0,386031435.0,5245980.0,9337939.0,24448465.0,12,2016,357186560.0,404292324.0,122016,241.432,19.09,0.0375,435534910.671197
194,338047720.0,395262104.0,2017-01-01,368082485.0,358171123.3333333,25396692.0,267471457.0,2760221.0,346762277.0,5455576.0,9895348.0,24886693.0,1,2017,332980526.0,374559579.0,12017,242.839,19.153333333333332,0.03833333333333333,400447855.5380846
195,330768164.0,385630230.0,2017-02-01,352022087.0,364289830.5833333,26805000.0,274896735.0,10744602.0,348321221.0,5807144.0,10562598.0,28427923.0,2,2017,340010074.0,380912762.0,22017,243.603,19.21666666666667,0.03916666666666667,405337795.8263548
196,322448908.0,371462136.0,2017-03-01,342765543.0,368694553.8333333,30657733.0,284970874.0,21401189.0,337827553.0,5556125.0,10391581.0,30198538.0,3,2017,339356502.0,370447949.0,32017,243.801,19.28,0.04,394667435.8459057
197,307085424.0,358796255.0,2017-04-01,315263008.0,369106616.9166667,30713947.0,299166507.0,3211412.0,304111264.0,5584129.0,10540043.0,30198538.0,4,2017,315215131.0,338260220.0,42017,244.524,19.333333333333336,0.04083333333333333,360030506.89521205
198,293337842.0,345112569.0,2017-05-01,302249686.0,366930206.5833333,30920708.0,311455086.0,17907386.0,285338162.0,5071134.0,9944192.0,30198538.0,5,2017,278570305.0,303985744.0,52017,244.733,19.386666666666667,0.04166666666666667,325914005.26042855
199,275173335.0,326351973.0,2017-06-01,293488664.0,364472650.8333333,34654146.0,323466554.0,25893124.0,293975885.0,5128936.0,10374916.0,30198538.0,6,2017,268324082.0,294231818.0,62017,244.955,19.44,0.0425,317141349.57940817
200,265673891.0,318490366.0,2017-07-01,274800449.0,360596684.25,27547510.0,337827746.0,8859296.0,291316147.0,4223630.0,9679206.0,30198538.0,7,2017,251910537.0,277108228.0,72017,244.786,19.523333333333333,0.04291666666666667,302618358.7074233
201,251437592.0,305668662.0,2017-08-01,258075725.0,356092107.3333333,31473321.0,346861586.0,14748598.0,292806664.0,3281716.0,9088860.0,30198538.0,8,2017,230141731.0,253239556.0,82017,245.519,19.60666666666667,0.043333333333333335,278511529.73506665
202,240745234.0,301752366.0,2017-09-01,233137178.0,347604965.75,26585908.0,351374681.0,1647360.0,249528984.0,3698632.0,9254757.0,30198538.0,9,2017,218305129.0,246886392.0,92017,246.819,19.69,0.04375,270463954.3786818
203,235502675.0,293653927.0,2017-10-01,240368833.0,331515675.0833333,24928462.0,348429700.0,32160116.0,155358213.0,2748703.0,8332832.0,30198538.0,10,2017,235684720.0,275901806.0,102017,246.663,19.80666666666667,0.04416666666666667,303961078.88366795
204,228929653.0,280795110.0,2017-11-01,218551009.0,315326381.25,25224639.0,346754268.0,3406815.0,152482742.0,3237802.0,8308936.0,30198538.0,11,2017,219213288.0,258465992.0,112017,246.669,19.923333333333332,0.044583333333333336,288740445.113467
205,225420242.0,271543085.0,2017-12-01,194209507.0,299307484.9166667,26179023.0,346567846.0,1837521.0,154341089.0,1465900.0,6594836.0,30198542.0,12,2017,223081705.0,258329110.0,122017,246.524,20.04,0.045,291416721.10109663
206,219892942.0,263642413.0,2018-01-01,173082790.0,282751181.1666667,22357323.0,341087089.0,1230606.0,144577640.0,2187302.0,6410932.0,18579880.0,1,2018,222414565.0,263327919.0,12018,247.867,20.136666666666667,0.04583333333333333,292829377.4921081
207,212733320.0,260890772.0,2018-02-01,186487020.0,266501206.58333334,19525444.0,338047720.0,32929674.0,143048025.0,2700400.0,5982116.0,18579880.0,2,2018,215799541.0,251977089.0,22018,248.991,20.23333333333333,0.04666666666666667,278299663.83249474
208,207321841.0,255435670.0,2018-03-01,190410493.0,252706617.66666666,22338477.0,330768164.0,26261950.0,165233097.0,2881217.0,6579849.0,22537630.0,3,2018,185587179.0,222257956.0,32018,249.554,20.33,0.0475,247768149.98295668
209,206428029.0,259819364.0,2018-04-01,180146216.0,240010363.5,15350463.0,322448908.0,5086186.0,170093858.0,3386374.0,6135077.0,22537630.0,4,2018,192592646.0,232374726.0,42018,250.546,20.41333333333333,0.04833333333333333,256647269.63197938
210,206028706.0,264177397.0,2018-05-01,173331432.7,228750630.83333334,17173126.0,307085424.0,10358342.0,171968632.0,3618423.0,6856225.0,22801480.0,5,2018,201971413.0,244171771.0,52018,251.588,20.496666666666666,0.04916666666666667,266816133.9633352
211,206422442.0,266416505.0,2018-06-01,187314128.79,218007443.0583333,16489639.0,293337842.0,30472335.0,164419588.0,4964879.0,6430779.0,22801480.0,6,2018,207164409.0,244058933.0,62018,251.989,20.58,0.05,266988020.2961267
212,208108533.0,270106803.0,2018-07-01,203786043.0,209159565.12416664,18048066.0,275173335.0,34519980.0,168998799.0,4881085.0,7068387.0,22801480.0,7,2018,230162362.0,273323763.0,72018,252.006,20.653333333333332,0.050833333333333335,297874055.9712565
213,212402670.0,272225654.0,2018-08-01,225695665.0,203241697.95749998,17237022.0,265673891.0,39146644.0,194659483.0,4701175.0,7401575.0,22801480.0,8,2018,229301192.0,272527496.0,82018,252.146,20.726666666666667,0.051666666666666666,297071910.9292353
214,215237867.0,278057866.0,2018-09-01,219373082.0,200543359.62416664,15893550.0,251437592.0,9570967.0,219057529.0,4457237.0,7338454.0,23065330.0,9,2018,232435174.0,272808445.0,92018,252.439,20.8,0.0525,296901296.1057335
215,217290328.0,272702434.0,2018-10-01,217367409.0,199396351.62416664,19685903.0,240745234.0,17680229.0,226981136.0,4915169.0,8301543.0,23065330.0,10,2018,236105859.0,271094996.0,102018,252.885,20.84,0.05333333333333333,293771419.92644995
216,217994584.0,269590689.0,2018-11-01,208369691.0,197479566.29083332,18651617.0,235502675.0,9653900.0,212501249.0,4942615.0,8561038.0,23065370.0,11,2018,208012190.0,235388578.0,112018,252.038,20.880000000000003,0.05416666666666667,260523664.3419946
217,217050734.0,267100207.0,2018-12-01,193750200.0,196631123.12416664,22669612.0,228929653.0,8050121.0,218748334.0,4727025.0,9691904.0,22538030.0,12,2018,183768374.0,214444807.0,122018,251.233,20.92,0.055,243234284.76575825
218,214551182.0,270552569.0,2019-01-01,180056006.0,196592847.54083332,16830023.0,225420242.0,3135829.0,224960934.0,4880336.0,9761421.0,16269150.0,1,2019,173579884.0,200693903.0,12019,251.712,20.983333333333334,0.054642857142857146,230284901.90984878
219,217725232.0,276847311.0,2019-02-01,169982595.0,197173948.87416664,12365822.0,219892942.0,2292410.0,226866157.0,4427296.0,9128471.0,17413400.0,2,2019,190765029.0,210964190.0,22019,252.776,21.046666666666667,0.054285714285714284,240289815.9908607
220,220977364.0,281094034.0,2019-03-01,178329306.0,195798580.12416664,16926998.0,212733320.0,25273710.0,196228893.0,4386382.0,8843619.0,18443225.0,3,2019,193044840.0,213720653.0,32019,254.202,21.11,0.05392857142857143,241040106.16981882
221,226803098.0,288048644.0,2019-04-01,208558457.0,194791814.54083332,14456651.0,207321841.0,44685802.0,195240653.0,4386183.0,9301352.0,19443225.0,4,2019,198564218.0,232596237.0,42019,255.548,21.206666666666667,0.05357142857142857,258762870.44042838
222,228689859.0,295695296.0,2019-05-01,220667943.0,197159501.29083332,16773803.0,206428029.0,28883288.0,234840269.0,4569808.0,9512423.0,20443225.0,5,2019,193460151.0,219942288.0,52019,256.092,21.30333333333333,0.053214285714285714,247407923.4866168
223,232980205.0,311934756.0,2019-06-01,206798752.0,201104210.4825,16883375.0,206028706.0,3014184.0,253365215.0,5902145.0,10629170.0,20443225.0,6,2019,190722784.0,211120525.0,62019,256.143,21.4,0.05285714285714285,242469031.84967813
224,234657309.0,331997011.0,2019-07-01,189311222.0,202727929.08333334,19734157.0,206422442.0,2246628.0,225907064.0,6045699.0,10926035.0,20443225.0,7,2019,189527653.0,210269161.0,72019,256.571,21.506666666666664,0.0525,245290122.02732867
225,237546605.0,353816410.0,2019-08-01,180011010.0,201521694.0,21531159.0,208108533.0,12230947.0,193633712.0,7402677.0,11829973.0,19443225.0,8,2019,197944264.0,230388608.0,82019,256.558,21.613333333333333,0.051250000000000004,271296035.59265256
226,251940693.0,378929361.0,2019-09-01,244931625.0,197714639.41666666,18728747.0,212402670.0,83649362.0,166718015.0,7978503.0,12364885.0,19443025.0,9,2019,248370317.0,314503544.0,92019,256.759,21.72,0.05,358971860.17703223
227,269998741.0,396423248.0,2019-10-01,450038056.0,199844518.0,21738364.0,215237867.0,226844795.0,240796410.0,8278525.0,12664708.0,19443025.0,10,2019,257730337.0,325835267.0,102019,257.346,21.79,0.0475,370332320.16881067
228,293993426.0,429295198.0,2019-11-01,437318799.0,219233738.58333334,19355873.0,217290328.0,6636616.0,449960976.0,8358425.0,12928233.0,19443025.0,11,2019,298568569.0,376454887.0,112019,257.208,21.86,0.0465,423475379.02989024
229,316109362.0,453795007.0,2019-12-01,424280095.0,238312830.91666666,21725762.0,217994584.0,8687057.0,446943692.0,7825660.0,13727805.0,19443025.0,12,2019,284331465.0,350664635.0,122019,256.974,21.93,0.0455,401447505.39248276
230,341011142.0,493428101.0,2020-01-01,415586072.0,257523655.5,14330471.0,217050734.0,5636448.0,447580628.0,7729905.0,13775604.0,18323050.0,1,2020,291751684.0,359759814.0,12020,257.971,21.863333333333333,0.044500000000000005,406212395.908547
231,377699093.0,525606431.0,2020-02-01,406994342.0,277151161.0,15539872.0,214551182.0,6948142.0,450081247.0,7364466.0,14767143.0,26038150.0,2,2020,307578674.0,380386561.0,22020,258.678,21.796666666666667,0.043500000000000004,424376060.0566552
232,403745534.0,542536070.0,2020-03-01,389121869.0,296902139.9166667,20179130.0,217725232.0,2306657.0,454736979.0,7926295.0,15904798.0,26038150.0,3,2020,351599646.0,437208541.0,32020,258.115,21.73,0.0425,484479165.751081
233,437426714.0,555389523.0,2020-04-01,436256615.0,314468186.8333333,20282385.0,220977364.0,67417132.0,431769926.0,9258522.0,17537047.0,26038150.0,4,2020,360893629.0,445473623.0,42020,256.389,20.835,0.04217391304347826,474118562.5455474
234,482419400.0,585556635.0,2020-06-01,467141538.0,350128112.75,21173721.0,228689859.0,67426364.0,428910813.0,10883965.0,18709625.0,26038150.0,6,2020,424207738.0,495520241.0,62020,257.797,19.94,0.04184782608695652,491864638.4215867
235,494143977.0,601316704.0,2020-07-01,521021748.0,371823344.9166667,21411261.0,232980205.0,75291471.0,493322993.0,11236052.0,18965957.0,26038150.0,7,2020,455102003.0,531319845.0,72020,259.101,20.52,0.04152173913043478,546467035.9298065
236,503131151.0,612657365.0,2020-08-01,561489991.0,399465888.75,24420455.0,234657309.0,64888698.0,566367836.0,11944044.0,19308510.0,26038150.0,8,2020,459984097.0,530514785.0,82020,259.918,21.1,0.04119565217391305,563051197.824287
237,506602084.0,612650823.0,2020-09-01,541790329.0,431255803.8333333,33122835.0,237546605.0,13423173.0,619025587.0,12757100.0,20683395.0,26038150.0,9,2020,499052118.0,576794222.0,92020,260.28,21.68,0.04086956521739131,629711000.0689304
238,503977002.0,601356544.0,2020-10-01,619147064.0,455994029.1666667,39796412.0,251940693.0,117153147.0,548799398.0,12240311.0,21498833.0,26038150.0,10,2020,505950773.0,570649228.0,102020,260.388,21.81,0.04054347826086957,625725701.4099554
239,496387560.0,587751517.0,2020-11-01,587935433.0,470086446.5,43350558.0,269998741.0,12138927.0,439107750.0,13549179.0,22781609.0,26038150.0,11,2020,497026152.0,559447794.0,112020,260.229,21.94,0.04021739130434783,617334800.3846391
240,485662155.0,575205494.0,2020-12-01,559508044.0,482637832.6666667,43841698.0,293993426.0,10619664.0,444610061.0,14323157.0,25207122.0,26220450.0,12,2020,485809661.0,545528988.0,122020,260.474,22.07,0.03989130434782609,604260342.6160786
241,474932037.0,566650573.0,2021-01-01,522352135.0,493906828.4166667,39232251.0,316109362.0,6870988.0,446542668.0,14947356.0,26183408.0,37955500.0,1,2021,475895325.0,538526668.0,12021,261.582,22.266666666666666,0.03956521739130435,596758841.5598757
242,452449745.0,548410209.0,2021-02-01,470980359.0,502804000.3333333,52227823.0,341011142.0,856047.0,447777208.0,15408413.0,27352457.0,39120000.0,2,2021,434628500.0,494992603.0,22021,263.014,22.463333333333335,0.03923913043478261,550554046.1302831
243,437519849.0,536267030.0,2021-03-01,437230871.0,508136168.4166667,46225571.0,377699093.0,12476084.0,441685113.0,15039982.0,27797082.0,39120000.0,3,2021,415990996.0,473882458.0,32021,264.877,22.66,0.03891304347826087,526766738.4258486
244,414233614.0,517559699.0,2021-04-01,393155619.0,512145251.9166667,53963565.0,403745534.0,9888313.0,451854540.0,15813542.0,28053853.0,39120000.0,4,2021,399419143.0,456282317.0,42021,267.054,22.89666666666667,0.03858695652173914,506799352.1899173
245,400502871.0,510622314.0,2021-05-01,448980247.0,508553502.25,47718202.0,437426714.0,103542830.0,394325721.0,16229192.0,29778371.0,38044400.0,5,2021,427446548.0,481211416.0,52021,269.195,23.133333333333333,0.0382608695652174,530526048.26808673
246,397476494.0,513198449.0,2021-06-01,414978037.0,510894448.1666667,37108769.0,466484352.0,3106558.0,494575706.0,15471555.0,29794712.0,35893200.0,6,2021,427959577.0,486974207.0,62021,271.696,23.37,0.03793478260869566,532120779.57535493
247,399596890.0,524689110.0,2021-07-01,430216685.0,506547489.75,33135838.0,482419400.0,48374486.0,430255900.0,12117207.0,27064563.0,34817600.0,7,2021,437651716.0,488763314.0,72021,273.003,23.553333333333335,0.03760869565217392,533187664.4937613
248,406970078.0,532173406.0,2021-08-01,400551749.96,498980401.1666667,33407629.0,494143977.0,3742543.0,403338915.0,12306373.0,27714786.0,34817600.0,8,2021,436471193.0,486371047.0,82021,273.567,23.736666666666668,0.03728260869565218,533466149.9491762
249,410061214.0,543797571.0,2021-09-01,407335180.09,485568881.08,36593768.0,503131151.0,43377198.0,342192760.0,14335464.0,29375446.0,34817600.0,9,2021,444387006.0,500202992.0,92021,274.31,23.92,0.03695652173913044,549775567.8721251
250,417516383.0,559102063.0,2021-10-01,432649636.69,474364285.33750004,37171330.0,506602084.0,62485787.0,372146785.0,13988381.0,29801923.0,33742000.0,10,2021,438926329.0,489731173.0,102021,276.589,24.206666666666667,0.036630434782608697,537638660.9690373
251,422647192.0,575443574.0,2021-11-01,444173018.0,458822833.06166667,35761116.0,503977002.0,47284498.0,317479425.0,15548750.0,31777942.0,33742000.0,11,2021,433946415.0,485083819.0,112021,277.948,24.493333333333336,0.03630434782608696,536254413.07497007
252,437748832.0,609268623.0,2021-12-01,471414043.0,446842631.81166667,33116293.0,496387560.0,60815218.0,352624996.0,15506873.0,30978428.0,33744100.0,12,2021,453916693.0,518155375.0,122021,278.802,24.78,0.03597826086956522,576257708.9668002
253,461722521.0,637189087.0,2022-01-01,524958637.0,439501465.06166667,28502133.0,485662155.0,81588827.0,402820550.0,18548915.0,30666122.0,32737800.0,1,2022,535883809.0,613075927.0,12022,281.148,24.926666666666666,0.03565217391304348,669048889.5232685
254,484079617.0,669878523.0,2022-02-01,494900212.0,439718673.56166667,29745531.0,474932037.0,-639545.28,477538389.0,18054559.0,30360932.0,36642800.0,2,2022,532243698.0,612034571.0,22022,283.716,25.073333333333334,0.03532608695652174,659804422.897645
255,519725284.0,704977119.0,2022-03-01,499177484.0,441711994.645,31295675.0,452449745.0,35572947.0,476042796.72,14877127.0,29212591.0,36642800.0,3,2022,528138525.0,592207956.0,32022,287.504,25.22,0.035,628087673.310502
256,545470551.0,739191758.0,2022-04-01,511942956.0,446874212.395,30677330.0,437519849.0,43442802.0,499139659.72,12901248.0,26889629.0,36642800.0,4,2022,575103478.0,668531768.0,42022,289.109,25.416666666666664,0.037500000000000006,708749342.2514985
257,573918059.0,770056518.0,2022-05-01,762460791.0,456773157.145,33987459.0,414233614.0,284505295.0,532694148.72,8982874.0,24531624.0,36642800.0,5,2022,613403822.0,740930833.0,52022,292.296,25.613333333333333,0.04,777405640.9891202
258,606229938.0,794240073.0,2022-06-01,773613288.0,482896535.81166667,34082392.0,400502871.0,45234889.0,713656613.72,7662311.0,23169184.0,36642800.0,6,2022,655784929.0,787871058.0,62022,296.311,25.81,0.0475,814034609.2655654
259,635865673.0,825236275.0,2022-07-01,759647584.0,512782806.7283333,35256234.0,397476494.0,21290529.0,755784944.72,4214870.0,22763785.0,36642800.0,7,2022,632026738.0,765720378.0,72022,296.276,25.96333333333333,0.055,794348278.1823308
260,659937075.0,835298560.0,2022-08-01,776515549.0,540235381.645,40780817.0,399596890.0,57648782.0,728700987.72,3140748.0,21195307.0,36642800.0,8,2022,539249549.0,684691297.0,82022,296.171,26.116666666666667,0.05875,717834559.326999
261,678518118.0,848381175.0,2022-09-01,751578624.0,571565698.2316667,39684904.0,406970078.0,14747979.0,782607226.72,3291783.0,18168910.0,36642800.0,9,2022,706023682.0,840359849.0,92022,296.808,26.27,0.0625,887440012.3653486
262,700144055.0,848446697.0,2022-10-01,798834360.0,600252651.8908334,44626499.0,410061214.0,91882235.0,753978007.72,4834055.0,17735303.0,36642800.0,10,2022,716882513.0,845900862.0,102022,298.012,26.423333333333332,0.06625,889652371.2620828
263,710095232.0,847041750.0,2022-11-01,823088120.0,630768045.5,40891925.0,417516383.0,65145685.0,783374455.72,6264336.0,15247210.0,36642800.0,11,2022,730528072.0,829376520.0,112022,297.711,26.576666666666668,0.07,875454197.4733604
264,714644818.0,844370592.0,2022-12-01,793408895.0,662344304.0,48217933.0,422647192.0,18135140.0,801235642.72,6903832.0,14566143.0,37067800.0,12,2022,720923896.0,819772344.0,122022,296.797,26.73,0.075,872262660.1933924
265,706861017.0,841338062.0,2023-01-01,760019698.0,689177208.3333334,52475822.0,437748832.0,19490194.0,758555564.72,11127068.0,15341938.0,45394300.0,1,2023,715318493.0,777752574.0,12023,299.17,26.873333333333335,0.07625,821765107.2124898
266,694245368.0,837001962.0,2023-02-01,731365444.0,708765630.0833334,52102627.0,461722521.0,23448372.0,696456931.72,10777346.0,13918094.0,50825300.0,2,2023,663661137.0,724620428.0,22023,300.84,27.016666666666666,0.0775,765242907.1828388
267,672850801.0,825063200.0,2023-03-01,682296031.0,728471066.0833334,66941342.0,484079617.0,17871930.0,720544849.0,11844266.0,15136049.0,50825300.0,3,2023,653471159.0,707929317.0,32023,301.836,27.16,0.08,750760505.6371245
268,665871496.0,811828345.0,2023-04-01,640533693.0,743730945.0,56422597.0,519725284.0,14660258.93,702843832.0,11224960.0,16059015.0,50825300.0,4,2023,621063837.0,683141079.0,42023,303.363,27.256666666666668,0.08125,724083752.8069689
269,651203056.0,793760591.0,2023-05-01,602027471.0,754446839.75,62434967.0,545470551.0,23928746.0,674061288.93,10881582.0,17145918.0,50825300.0,5,2023,639315570.0,704226637.0,52023,304.127,27.35333333333333,0.0825,748451672.2689348
270,639811365.0,773900349.0,2023-06-01,586175566.0,741077396.4166666,66394271.0,573918059.0,50542366.0,413484739.93,11525657.0,18429489.0,50825300.0,6,2023,618465203.0,684518505.0,62023,305.109,27.45,0.08375,728158410.2565942
271,618107138.0,753694687.0,2023-07-01,532500418.0,725457586.25,64891969.0,606229938.0,11216821.0,418792216.93,12062803.0,23189871.0,50825300.0,7,2023,566393917.0,645871677.0,72023,305.691,27.62333333333333,0.085,691917463.890562
272,597622132.0,738580536.0,2023-08-01,488512165.0,706528655.75,64852219.0,635865673.0,21167485.0,408718508.93,14568048.0,25345394.0,50825300.0,8,2023,606222297.0,699347910.0,82023,307.026,27.796666666666667,0.085,749058471.875211
273,585890214.0,730502207.0,2023-09-01,472690343.0,682528373.75,58265947.0,659937075.0,42140606.0,372237211.93,13723799.0,25568065.0,50825300.0,9,2023,571709072.0,652669765.0,92023,307.789,27.97,0.085,701930571.8860371
